"id","age","sex","duration","vignette","structure","condition","MC_resp","MC_conf","VAS_resp","VAS_conf"
"718177348","60","Female","1000","B","OD","Ab","did not cause","100","5","100"
"718177348","60","Female","1000","Bu","JC","Ab","partially caused","80","96","96"
"718177348","60","Female","1000","C","JC","Ab","totally caused","99","100","100"
"718177348","60","Female","1000","Cof","OD","I","partially caused","100","79","99"
"718177348","60","Female","1000","D","OD","N","partially caused","50","96","96"
"718177348","60","Female","1000","I","OD","Ac","totally caused","100","100","100"
"718177348","60","Female","1000","S","JC","Ab","totally caused","100","100","100"
"718177348","60","Female","1000","T","OD","N","did not cause","100","0","100"
"718177348","60","Female","1000","W","JC","I","partially caused","74","59","92"
"382027122","36","Female","1015","B","JC","N","partially caused","75","81","69"
"382027122","36","Female","1015","Bu","JC","N","partially caused","82","70","36"
"382027122","36","Female","1015","C","OD","N","partially caused","79","70","67"
"382027122","36","Female","1015","Cof","OD","Ac","partially caused","84","98","92"
"382027122","36","Female","1015","D","JC","N","partially caused","81","84","78"
"382027122","36","Female","1015","I","OD","I","partially caused","73","64","39"
"382027122","36","Female","1015","S","OD","N","partially caused","77","75","64"
"382027122","36","Female","1015","T","OD","N","partially caused","85","82","75"
"382027122","36","Female","1015","W","JC","I","partially caused","84","92","85"
"345754483","50","Female","1233","B","OD","Ab","did not cause","55","50","44"
"345754483","50","Female","1233","Bu","JC","N","partially caused","70","66","48"
"345754483","50","Female","1233","C","OD","Ab","totally caused","71","41","62"
"345754483","50","Female","1233","Cof","JC","I","partially caused","73","43","55"
"345754483","50","Female","1233","D","OD","Ab","partially caused","89","74","96"
"345754483","50","Female","1233","I","JC","I","totally caused","86","63","83"
"345754483","50","Female","1233","S","JC","Ab","partially caused","57","30","53"
"345754483","50","Female","1233","T","JC","Ab","partially caused","58","82","91"
"345754483","50","Female","1233","W","OD","Ac","partially caused","59","61","44"
"639443799","30","Female","1254","B","JC","Ab","partially caused","100","86","100"
"639443799","30","Female","1254","Bu","JC","N","partially caused","100","54","100"
"639443799","30","Female","1254","C","OD","Ab","partially caused","100","100","100"
"639443799","30","Female","1254","Cof","JC","Ac","partially caused","93","54","100"
"639443799","30","Female","1254","D","OD","N","partially caused","100","70","45"
"639443799","30","Female","1254","I","JC","I","partially caused","100","52","100"
"639443799","30","Female","1254","S","JC","Ab","partially caused","100","94","93"
"639443799","30","Female","1254","T","JC","N","partially caused","100","25","100"
"639443799","30","Female","1254","W","OD","Ac","did not cause","34","54","97"
"445129328","48","Male","1268","B","OD","N","totally caused","23","51","68"
"445129328","48","Male","1268","Bu","OD","N","partially caused","82","48","75"
"445129328","48","Male","1268","C","OD","Ab","partially caused","83","49","65"
"445129328","48","Male","1268","Cof","OD","Ac","partially caused","75","58","84"
"445129328","48","Male","1268","D","OD","Ab","partially caused","90","64","56"
"445129328","48","Male","1268","I","JC","Ac","partially caused","84","50","75"
"445129328","48","Male","1268","S","JC","N","partially caused","82","50","69"
"445129328","48","Male","1268","T","OD","Ab","partially caused","66","49","70"
"445129328","48","Male","1268","W","OD","Ac","did not cause","63","6","79"
"762549607","34","Female","1287","B","JC","N","partially caused","100","65","88"
"762549607","34","Female","1287","Bu","JC","N","partially caused","100","60","100"
"762549607","34","Female","1287","C","OD","Ab","totally caused","100","100","100"
"762549607","34","Female","1287","Cof","JC","Ac","totally caused","100","100","100"
"762549607","34","Female","1287","D","OD","N","totally caused","100","100","73"
"762549607","34","Female","1287","I","JC","I","totally caused","100","75","100"
"762549607","34","Female","1287","S","JC","N","partially caused","76","0","100"
"762549607","34","Female","1287","T","OD","Ab","partially caused","84","85","71"
"762549607","34","Female","1287","W","OD","I","did not cause","100","0","100"
"865402122","46","Male","1302","B","JC","Ab","partially caused","100","76","100"
"865402122","46","Male","1302","Bu","JC","Ab","totally caused","100","100","100"
"865402122","46","Male","1302","C","JC","Ab","totally caused","100","100","100"
"865402122","46","Male","1302","Cof","JC","I","did not cause","100","0","100"
"865402122","46","Male","1302","D","OD","N","totally caused","100","100","100"
"865402122","46","Male","1302","I","JC","Ac","totally caused","100","100","100"
"865402122","46","Male","1302","S","OD","N","totally caused","100","100","100"
"865402122","46","Male","1302","T","JC","Ab","totally caused","100","100","100"
"865402122","46","Male","1302","W","OD","Ac","did not cause","100","0","100"
"263312831","41","Female","1303","B","OD","N","did not cause","22","51","80"
"263312831","41","Female","1303","Bu","JC","N","partially caused","95","31","86"
"263312831","41","Female","1303","C","OD","Ab","partially caused","85","3","97"
"263312831","41","Female","1303","Cof","JC","Ac","totally caused","98","100","100"
"263312831","41","Female","1303","D","JC","Ab","totally caused","89","96","91"
"263312831","41","Female","1303","I","JC","Ac","totally caused","100","100","100"
"263312831","41","Female","1303","S","OD","N","partially caused","82","11","89"
"263312831","41","Female","1303","T","OD","Ab","partially caused","91","58","59"
"263312831","41","Female","1303","W","OD","Ac","did not cause","96","8","93"
"710990376","35","Male","1418","B","OD","Ab","totally caused","100","93","93"
"710990376","35","Male","1418","Bu","JC","Ab","partially caused","100","72","81"
"710990376","35","Male","1418","C","OD","N","partially caused","89","66","51"
"710990376","35","Male","1418","Cof","OD","I","partially caused","86","100","100"
"710990376","35","Male","1418","D","OD","Ab","did not cause","100","100","100"
"710990376","35","Male","1418","I","OD","Ac","totally caused","66","100","63"
"710990376","35","Male","1418","S","OD","Ab","partially caused","61","100","100"
"710990376","35","Male","1418","T","OD","N","totally caused","74","51","69"
"710990376","35","Male","1418","W","JC","Ac","totally caused","100","100","100"
"400488307","32","Female","1449","B","JC","N","totally caused","99","100","100"
"400488307","32","Female","1449","Bu","JC","N","totally caused","67","50","51"
"400488307","32","Female","1449","C","OD","Ab","totally caused","100","10","88"
"400488307","32","Female","1449","Cof","OD","Ac","did not cause","76","0","100"
"400488307","32","Female","1449","D","JC","Ab","totally caused","77","100","100"
"400488307","32","Female","1449","I","JC","I","totally caused","80","75","79"
"400488307","32","Female","1449","S","OD","Ab","did not cause","81","36","84"
"400488307","32","Female","1449","T","OD","N","totally caused","100","0","100"
"400488307","32","Female","1449","W","OD","I","totally caused","61","63","92"
"434537197","30","Male","1530","B","OD","Ab","partially caused","76","49","91"
"434537197","30","Male","1530","Bu","JC","Ab","partially caused","91","49","100"
"434537197","30","Male","1530","C","JC","Ab","totally caused","100","100","100"
"434537197","30","Male","1530","Cof","JC","I","totally caused","100","100","100"
"434537197","30","Male","1530","D","JC","N","partially caused","100","53","100"
"434537197","30","Male","1530","I","OD","I","did not cause","93","0","100"
"434537197","30","Male","1530","S","JC","Ab","totally caused","100","100","100"
"434537197","30","Male","1530","T","OD","Ab","did not cause","100","0","100"
"434537197","30","Male","1530","W","JC","Ac","totally caused","100","100","100"
"162484167","53","Male","1533","B","JC","N","partially caused","100","75","75"
"162484167","53","Male","1533","Bu","OD","N","partially caused","100","74","83"
"162484167","53","Male","1533","C","OD","N","partially caused","100","74","75"
"162484167","53","Male","1533","Cof","OD","Ac","did not cause","100","0","100"
"162484167","53","Male","1533","D","JC","N","totally caused","100","75","76"
"162484167","53","Male","1533","I","OD","I","totally caused","100","100","100"
"162484167","53","Male","1533","S","JC","N","partially caused","71","100","100"
"162484167","53","Male","1533","T","JC","N","partially caused","81","70","72"
"162484167","53","Male","1533","W","JC","I","totally caused","100","100","100"
"328445305","37","Female","1566","B","OD","Ab","did not cause","56","7","85"
"328445305","37","Female","1566","Bu","JC","Ab","totally caused","81","73","75"
"328445305","37","Female","1566","C","OD","N","partially caused","77","51","67"
"328445305","37","Female","1566","Cof","JC","I","partially caused","62","56","60"
"328445305","37","Female","1566","D","OD","Ab","partially caused","83","49","82"
"328445305","37","Female","1566","I","OD","I","partially caused","47","33","68"
"328445305","37","Female","1566","S","JC","N","partially caused","67","71","83"
"328445305","37","Female","1566","T","OD","Ab","partially caused","87","56","72"
"328445305","37","Female","1566","W","OD","Ac","did not cause","84","35","66"
"955948898","23","Male","180","B","OD","N","partially caused","70","39","69"
"955948898","23","Male","180","Bu","OD","N","partially caused","72","36","27"
"955948898","23","Male","180","C","JC","N","partially caused","77","76","38"
"955948898","23","Male","180","Cof","OD","Ac","totally caused","100","78","88"
"955948898","23","Male","180","D","JC","N","totally caused","63","73","44"
"955948898","23","Male","180","I","JC","Ac","partially caused","86","73","57"
"955948898","23","Male","180","S","OD","Ab","partially caused","64","27","57"
"955948898","23","Male","180","T","JC","Ab","did not cause","61","68","13"
"955948898","23","Male","180","W","JC","Ac","totally caused","100","80","46"
"359680294","29","Male","1956","B","OD","N","totally caused","81","71","62"
"359680294","29","Male","1956","Bu","OD","Ab","partially caused","22","72","64"
"359680294","29","Male","1956","C","JC","N","partially caused","21","82","60"
"359680294","29","Male","1956","Cof","JC","Ac","partially caused","68","71","69"
"359680294","29","Male","1956","D","OD","Ab","partially caused","29","72","33"
"359680294","29","Male","1956","I","JC","Ac","did not cause","25","84","73"
"359680294","29","Male","1956","S","JC","N","partially caused","79","32","17"
"359680294","29","Male","1956","T","JC","Ab","partially caused","23","36","72"
"359680294","29","Male","1956","W","OD","Ac","totally caused","78","82","79"
"639358885","23","Female","1997","B","OD","N","totally caused","100","100","98"
"639358885","23","Female","1997","Bu","JC","N","totally caused","100","100","100"
"639358885","23","Female","1997","C","JC","Ab","totally caused","100","100","100"
"639358885","23","Female","1997","Cof","JC","Ac","totally caused","100","100","100"
"639358885","23","Female","1997","D","JC","N","totally caused","100","100","100"
"639358885","23","Female","1997","I","OD","I","totally caused","84","100","100"
"639358885","23","Female","1997","S","OD","N","totally caused","100","100","100"
"639358885","23","Female","1997","T","OD","Ab","totally caused","100","95","79"
"639358885","23","Female","1997","W","JC","I","totally caused","100","100","94"
"868056659","29","Female","2155","B","OD","N","did not cause","43","32","24"
"868056659","29","Female","2155","Bu","JC","Ab","totally caused","100","100","100"
"868056659","29","Female","2155","C","JC","Ab","totally caused","100","100","100"
"868056659","29","Female","2155","Cof","OD","Ac","did not cause","100","0","100"
"868056659","29","Female","2155","D","OD","N","totally caused","100","100","100"
"868056659","29","Female","2155","I","OD","I","partially caused","41","21","6"
"868056659","29","Female","2155","S","JC","Ab","did not cause","100","0","99"
"868056659","29","Female","2155","T","JC","N","totally caused","83","61","34"
"868056659","29","Female","2155","W","OD","Ac","did not cause","100","0","100"
"813118372","28","Female","221","B","JC","N","partially caused","85","32","85"
"813118372","28","Female","221","Bu","JC","N","partially caused","35","21","71"
"813118372","28","Female","221","C","OD","Ab","partially caused","91","49","60"
"813118372","28","Female","221","Cof","JC","I","partially caused","67","98","86"
"813118372","28","Female","221","D","JC","Ab","partially caused","70","65","92"
"813118372","28","Female","221","I","OD","I","partially caused","71","63","44"
"813118372","28","Female","221","S","JC","N","partially caused","77","51","35"
"813118372","28","Female","221","T","OD","N","partially caused","89","24","48"
"813118372","28","Female","221","W","OD","Ac","partially caused","85","88","90"
"274850054","37","Female","224","B","OD","N","totally caused","85","93","100"
"274850054","37","Female","224","Bu","JC","N","totally caused","95","6","94"
"274850054","37","Female","224","C","OD","N","partially caused","77","88","31"
"274850054","37","Female","224","Cof","JC","Ac","totally caused","99","83","48"
"274850054","37","Female","224","D","JC","N","totally caused","77","89","60"
"274850054","37","Female","224","I","OD","Ac","totally caused","93","93","75"
"274850054","37","Female","224","S","JC","Ab","totally caused","100","88","67"
"274850054","37","Female","224","T","OD","N","totally caused","76","65","98"
"274850054","37","Female","224","W","JC","Ac","totally caused","100","91","77"
"300560008","42","Male","2268","B","OD","N","totally caused","100","54","95"
"300560008","42","Male","2268","Bu","OD","N","partially caused","48","100","100"
"300560008","42","Male","2268","C","JC","N","partially caused","86","52","50"
"300560008","42","Male","2268","Cof","JC","Ac","totally caused","100","100","99"
"300560008","42","Male","2268","D","OD","N","totally caused","100","59","95"
"300560008","42","Male","2268","I","OD","Ac","totally caused","92","100","100"
"300560008","42","Male","2268","S","OD","Ab","partially caused","92","100","100"
"300560008","42","Male","2268","T","OD","Ab","totally caused","100","100","100"
"300560008","42","Male","2268","W","JC","I","totally caused","100","100","100"
"660695665","38","Male","2277","B","JC","N","partially caused","66","100","100"
"660695665","38","Male","2277","Bu","OD","Ab","did not cause","89","65","72"
"660695665","38","Male","2277","C","OD","N","partially caused","63","48","71"
"660695665","38","Male","2277","Cof","OD","Ac","did not cause","94","0","100"
"660695665","38","Male","2277","D","JC","N","partially caused","97","49","100"
"660695665","38","Male","2277","I","OD","I","did not cause","99","15","77"
"660695665","38","Male","2277","S","OD","Ab","partially caused","92","27","72"
"660695665","38","Male","2277","T","OD","N","partially caused","74","75","56"
"660695665","38","Male","2277","W","OD","Ac","did not cause","97","0","93"
"621021587","71","Female","246","B","JC","Ab","partially caused","76","70","70"
"621021587","71","Female","246","Bu","JC","N","partially caused","60","64","41"
"621021587","71","Female","246","C","JC","Ab","partially caused","64","55","75"
"621021587","71","Female","246","Cof","OD","Ac","totally caused","71","61","82"
"621021587","71","Female","246","D","OD","Ab","partially caused","84","62","88"
"621021587","71","Female","246","I","OD","I","partially caused","70","92","73"
"621021587","71","Female","246","S","OD","Ab","partially caused","67","63","67"
"621021587","71","Female","246","T","OD","Ab","partially caused","60","57","76"
"621021587","71","Female","246","W","JC","Ac","partially caused","76","58","64"
"173726205","42","Male","2590","B","OD","Ab","partially caused","100","49","100"
"173726205","42","Male","2590","Bu","JC","N","partially caused","100","51","100"
"173726205","42","Male","2590","C","OD","Ab","totally caused","100","100","100"
"173726205","42","Male","2590","Cof","JC","Ac","partially caused","100","100","100"
"173726205","42","Male","2590","D","JC","Ab","partially caused","100","51","100"
"173726205","42","Male","2590","I","JC","I","partially caused","100","100","100"
"173726205","42","Male","2590","S","OD","N","partially caused","100","51","100"
"173726205","42","Male","2590","T","OD","Ab","partially caused","100","51","100"
"173726205","42","Male","2590","W","JC","I","partially caused","100","100","100"
"463834955","31","Male","280","B","OD","Ab","partially caused","33","90","90"
"463834955","31","Male","280","Bu","OD","N","totally caused","62","23","85"
"463834955","31","Male","280","C","OD","Ab","totally caused","94","91","95"
"463834955","31","Male","280","Cof","JC","I","partially caused","56","89","78"
"463834955","31","Male","280","D","OD","Ab","totally caused","66","90","93"
"463834955","31","Male","280","I","OD","Ac","totally caused","90","20","73"
"463834955","31","Male","280","S","OD","N","totally caused","81","21","79"
"463834955","31","Male","280","T","JC","N","totally caused","93","94","98"
"463834955","31","Male","280","W","OD","Ac","totally caused","85","73","59"
"911365900","28","Male","313","B","JC","Ab","partially caused","70","82","64"
"911365900","28","Male","313","Bu","OD","Ab","totally caused","61","85","80"
"911365900","28","Male","313","C","JC","Ab","totally caused","93","85","70"
"911365900","28","Male","313","Cof","JC","I","partially caused","66","68","28"
"911365900","28","Male","313","D","OD","Ab","totally caused","96","80","74"
"911365900","28","Male","313","I","OD","I","totally caused","86","75","60"
"911365900","28","Male","313","S","OD","Ab","totally caused","81","74","80"
"911365900","28","Male","313","T","JC","Ab","partially caused","60","92","26"
"911365900","28","Male","313","W","JC","Ac","totally caused","76","94","91"
"794062945","31","Female","319","B","JC","N","partially caused","100","78","80"
"794062945","31","Female","319","Bu","OD","Ab","did not cause","100","100","100"
"794062945","31","Female","319","C","JC","Ab","totally caused","100","100","100"
"794062945","31","Female","319","Cof","OD","I","did not cause","100","0","100"
"794062945","31","Female","319","D","JC","N","totally caused","100","78","100"
"794062945","31","Female","319","I","OD","I","partially caused","100","100","100"
"794062945","31","Female","319","S","JC","N","partially caused","100","78","100"
"794062945","31","Female","319","T","OD","N","did not cause","100","74","50"
"794062945","31","Female","319","W","JC","Ac","totally caused","100","100","100"
"387228974","42","Male","3213","B","JC","Ab","totally caused","84","91","72"
"387228974","42","Male","3213","Bu","JC","Ab","partially caused","68","29","87"
"387228974","42","Male","3213","C","JC","Ab","totally caused","93","98","62"
"387228974","42","Male","3213","Cof","OD","I","did not cause","96","15","100"
"387228974","42","Male","3213","D","OD","Ab","partially caused","77","77","37"
"387228974","42","Male","3213","I","OD","Ac","totally caused","93","100","52"
"387228974","42","Male","3213","S","OD","N","totally caused","89","100","86"
"387228974","42","Male","3213","T","JC","N","partially caused","88","66","36"
"387228974","42","Male","3213","W","JC","Ac","totally caused","73","95","86"
"678129365","27","Female","323","B","JC","Ab","partially caused","87","65","100"
"678129365","27","Female","323","Bu","JC","Ab","partially caused","93","87","88"
"678129365","27","Female","323","C","OD","Ab","partially caused","100","100","100"
"678129365","27","Female","323","Cof","OD","I","did not cause","100","10","72"
"678129365","27","Female","323","D","OD","Ab","partially caused","100","77","100"
"678129365","27","Female","323","I","JC","Ac","totally caused","100","100","100"
"678129365","27","Female","323","S","JC","N","totally caused","100","100","100"
"678129365","27","Female","323","T","OD","Ab","did not cause","88","54","64"
"678129365","27","Female","323","W","JC","Ac","partially caused","86","76","65"
"812894499","33","Male","331","B","JC","Ab","partially caused","100","100","100"
"812894499","33","Male","331","Bu","OD","N","partially caused","76","73","100"
"812894499","33","Male","331","C","OD","Ab","partially caused","100","49","100"
"812894499","33","Male","331","Cof","OD","I","totally caused","100","49","77"
"812894499","33","Male","331","D","OD","Ab","totally caused","100","100","100"
"812894499","33","Male","331","I","JC","Ac","partially caused","75","100","100"
"812894499","33","Male","331","S","JC","N","did not cause","100","100","100"
"812894499","33","Male","331","T","JC","Ab","did not cause","100","72","79"
"812894499","33","Male","331","W","OD","I","totally caused","100","100","100"
"451584861","29","Female","3311","B","OD","N","partially caused","82","78","87"
"451584861","29","Female","3311","Bu","JC","Ab","did not cause","92","32","78"
"451584861","29","Female","3311","C","JC","Ab","totally caused","99","65","78"
"451584861","29","Female","3311","Cof","OD","Ac","totally caused","98","96","92"
"451584861","29","Female","3311","D","JC","N","did not cause","88","62","78"
"451584861","29","Female","3311","I","OD","Ac","partially caused","89","81","58"
"451584861","29","Female","3311","S","JC","Ab","partially caused","92","39","78"
"451584861","29","Female","3311","T","JC","Ab","partially caused","77","79","83"
"451584861","29","Female","3311","W","OD","Ac","partially caused","67","37","76"
"611583362","36","Female","365","B","OD","N","partially caused","71","51","31"
"611583362","36","Female","365","Bu","JC","N","partially caused","66","51","72"
"611583362","36","Female","365","C","JC","Ab","totally caused","76","51","88"
"611583362","36","Female","365","Cof","JC","Ac","partially caused","78","71","77"
"611583362","36","Female","365","D","OD","N","partially caused","72","51","70"
"611583362","36","Female","365","I","JC","I","partially caused","77","75","87"
"611583362","36","Female","365","S","JC","Ab","did not cause","66","10","80"
"611583362","36","Female","365","T","OD","N","partially caused","80","51","88"
"611583362","36","Female","365","W","OD","I","partially caused","68","62","84"
"601273585","38","Female","365","B","OD","Ab","partially caused","90","100","100"
"601273585","38","Female","365","Bu","JC","Ab","partially caused","89","81","83"
"601273585","38","Female","365","C","JC","Ab","partially caused","95","90","82"
"601273585","38","Female","365","Cof","OD","I","totally caused","96","95","98"
"601273585","38","Female","365","D","JC","Ab","totally caused","99","94","99"
"601273585","38","Female","365","I","OD","Ac","did not cause","86","64","78"
"601273585","38","Female","365","S","OD","N","partially caused","95","92","99"
"601273585","38","Female","365","T","JC","N","partially caused","95","88","96"
"601273585","38","Female","365","W","JC","I","partially caused","91","22","41"
"135355437","47","Male","371","B","OD","N","partially caused","83","51","51"
"135355437","47","Male","371","Bu","OD","Ab","partially caused","100","51","86"
"135355437","47","Male","371","C","JC","Ab","partially caused","93","51","90"
"135355437","47","Male","371","Cof","OD","Ac","totally caused","100","100","100"
"135355437","47","Male","371","D","JC","Ab","totally caused","100","100","100"
"135355437","47","Male","371","I","OD","Ac","totally caused","100","100","100"
"135355437","47","Male","371","S","OD","Ab","partially caused","88","77","76"
"135355437","47","Male","371","T","JC","Ab","partially caused","82","50","90"
"135355437","47","Male","371","W","OD","I","did not cause","51","0","100"
"388777816","39","Male","430","B","JC","N","partially caused","100","73","100"
"388777816","39","Male","430","Bu","OD","Ab","partially caused","100","51","100"
"388777816","39","Male","430","C","JC","Ab","totally caused","100","100","100"
"388777816","39","Male","430","Cof","JC","Ac","totally caused","100","100","100"
"388777816","39","Male","430","D","OD","N","totally caused","100","100","100"
"388777816","39","Male","430","I","JC","I","totally caused","100","100","100"
"388777816","39","Male","430","S","OD","N","partially caused","73","100","100"
"388777816","39","Male","430","T","OD","N","partially caused","100","75","100"
"388777816","39","Male","430","W","JC","I","totally caused","100","100","100"
"263642462","36","Female","438","B","OD","Ab","did not cause","40","8","60"
"263642462","36","Female","438","Bu","JC","Ab","totally caused","100","100","100"
"263642462","36","Female","438","C","OD","N","partially caused","85","50","79"
"263642462","36","Female","438","Cof","OD","I","partially caused","100","31","80"
"263642462","36","Female","438","D","OD","Ab","did not cause","100","0","100"
"263642462","36","Female","438","I","OD","Ac","totally caused","100","100","100"
"263642462","36","Female","438","S","OD","Ab","partially caused","100","66","100"
"263642462","36","Female","438","T","JC","Ab","partially caused","100","86","100"
"263642462","36","Female","438","W","JC","Ac","totally caused","100","100","100"
"411473607","35","Male","445","B","JC","N","partially caused","94","62","85"
"411473607","35","Male","445","Bu","OD","N","partially caused","100","64","87"
"411473607","35","Male","445","C","JC","N","partially caused","100","78","67"
"411473607","35","Male","445","Cof","OD","I","partially caused","100","27","79"
"411473607","35","Male","445","D","JC","N","partially caused","100","45","100"
"411473607","35","Male","445","I","OD","I","did not cause","100","36","95"
"411473607","35","Male","445","S","OD","N","partially caused","100","31","72"
"411473607","35","Male","445","T","OD","N","did not cause","100","0","23"
"411473607","35","Male","445","W","JC","I","totally caused","100","83","100"
"363604080","36","Female","450","B","OD","N","partially caused","100","52","100"
"363604080","36","Female","450","Bu","OD","N","partially caused","100","51","100"
"363604080","36","Female","450","C","JC","Ab","totally caused","100","100","100"
"363604080","36","Female","450","Cof","JC","Ac","partially caused","100","83","100"
"363604080","36","Female","450","D","JC","Ab","partially caused","100","54","100"
"363604080","36","Female","450","I","OD","Ac","partially caused","100","52","100"
"363604080","36","Female","450","S","JC","Ab","totally caused","97","82","100"
"363604080","36","Female","450","T","JC","N","partially caused","100","51","100"
"363604080","36","Female","450","W","OD","I","totally caused","100","100","100"
"278418787","55","Male","452","B","JC","N","partially caused","100","51","100"
"278418787","55","Male","452","Bu","OD","Ab","partially caused","78","100","99"
"278418787","55","Male","452","C","OD","N","partially caused","58","50","100"
"278418787","55","Male","452","Cof","JC","I","did not cause","51","0","100"
"278418787","55","Male","452","D","OD","N","partially caused","100","51","100"
"278418787","55","Male","452","I","OD","Ac","totally caused","100","100","100"
"278418787","55","Male","452","S","JC","N","partially caused","51","49","51"
"278418787","55","Male","452","T","JC","N","partially caused","51","0","100"
"278418787","55","Male","452","W","OD","Ac","totally caused","99","100","100"
"669547670","45","Male","455","B","OD","N","partially caused","100","50","100"
"669547670","45","Male","455","Bu","OD","N","partially caused","100","50","100"
"669547670","45","Male","455","C","JC","N","partially caused","100","50","100"
"669547670","45","Male","455","Cof","OD","Ac","did not cause","100","0","100"
"669547670","45","Male","455","D","OD","N","partially caused","100","100","100"
"669547670","45","Male","455","I","JC","Ac","totally caused","100","100","100"
"669547670","45","Male","455","S","JC","Ab","totally caused","100","100","100"
"669547670","45","Male","455","T","JC","Ab","totally caused","100","100","100"
"669547670","45","Male","455","W","OD","I","partially caused","100","72","100"
"393745224","32","Female","468","B","JC","Ab","partially caused","91","54","82"
"393745224","32","Female","468","Bu","JC","N","partially caused","90","55","100"
"393745224","32","Female","468","C","JC","N","partially caused","68","63","79"
"393745224","32","Female","468","Cof","OD","I","did not cause","91","0","75"
"393745224","32","Female","468","D","JC","N","partially caused","100","82","100"
"393745224","32","Female","468","I","OD","I","did not cause","99","0","94"
"393745224","32","Female","468","S","OD","N","did not cause","91","0","70"
"393745224","32","Female","468","T","OD","Ab","did not cause","96","14","82"
"393745224","32","Female","468","W","OD","Ac","totally caused","100","100","100"
"572427308","27","Male","487","B","JC","Ab","partially caused","86","52","93"
"572427308","27","Male","487","Bu","OD","N","partially caused","99","54","91"
"572427308","27","Male","487","C","OD","Ab","totally caused","95","93","94"
"572427308","27","Male","487","Cof","OD","I","totally caused","86","94","93"
"572427308","27","Male","487","D","OD","N","totally caused","97","89","86"
"572427308","27","Male","487","I","OD","I","totally caused","94","92","93"
"572427308","27","Male","487","S","OD","Ab","partially caused","90","46","88"
"572427308","27","Male","487","T","OD","Ab","partially caused","91","90","98"
"572427308","27","Male","487","W","OD","Ac","totally caused","95","94","90"
"760743109","33","Male","488","B","JC","N","partially caused","90","51","84"
"760743109","33","Male","488","Bu","JC","N","partially caused","93","50","82"
"760743109","33","Male","488","C","OD","Ab","partially caused","69","61","76"
"760743109","33","Male","488","Cof","JC","I","did not cause","64","10","81"
"760743109","33","Male","488","D","JC","Ab","partially caused","82","71","73"
"760743109","33","Male","488","I","JC","I","did not cause","19","22","42"
"760743109","33","Male","488","S","OD","N","partially caused","83","50","63"
"760743109","33","Male","488","T","OD","Ab","partially caused","33","98","93"
"760743109","33","Male","488","W","JC","Ac","partially caused","71","92","76"
"330005868","38","Male","488","B","JC","Ab","partially caused","87","51","58"
"330005868","38","Male","488","Bu","OD","Ab","partially caused","85","57","76"
"330005868","38","Male","488","C","OD","N","partially caused","82","52","92"
"330005868","38","Male","488","Cof","OD","I","totally caused","62","53","85"
"330005868","38","Male","488","D","JC","Ab","partially caused","81","78","90"
"330005868","38","Male","488","I","JC","Ac","partially caused","87","58","88"
"330005868","38","Male","488","S","JC","N","partially caused","80","53","87"
"330005868","38","Male","488","T","OD","N","partially caused","100","51","88"
"330005868","38","Male","488","W","OD","I","partially caused","66","64","45"
"408592678","44","Male","504","B","OD","Ab","did not cause","32","11","37"
"408592678","44","Male","504","Bu","JC","N","partially caused","100","58","100"
"408592678","44","Male","504","C","OD","N","did not cause","20","12","24"
"408592678","44","Male","504","Cof","OD","Ac","did not cause","100","0","85"
"408592678","44","Male","504","D","OD","Ab","did not cause","28","0","75"
"408592678","44","Male","504","I","JC","Ac","totally caused","89","100","100"
"408592678","44","Male","504","S","JC","N","partially caused","82","57","91"
"408592678","44","Male","504","T","JC","N","partially caused","100","54","100"
"408592678","44","Male","504","W","OD","I","did not cause","100","0","89"
"821900053","38","Male","513","B","OD","N","totally caused","100","88","79"
"821900053","38","Male","513","Bu","JC","N","partially caused","93","62","74"
"821900053","38","Male","513","C","OD","N","partially caused","78","0","100"
"821900053","38","Male","513","Cof","OD","Ac","did not cause","100","100","100"
"821900053","38","Male","513","D","JC","Ab","partially caused","55","69","23"
"821900053","38","Male","513","I","JC","Ac","totally caused","100","100","100"
"821900053","38","Male","513","S","JC","Ab","totally caused","77","91","88"
"821900053","38","Male","513","T","JC","Ab","totally caused","100","100","100"
"821900053","38","Male","513","W","JC","Ac","totally caused","100","100","100"
"533679756","46","Female","515","B","OD","Ab","partially caused","60","48","60"
"533679756","46","Female","515","Bu","JC","Ab","totally caused","85","97","94"
"533679756","46","Female","515","C","OD","N","partially caused","96","46","79"
"533679756","46","Female","515","Cof","OD","I","partially caused","76","43","57"
"533679756","46","Female","515","D","JC","N","totally caused","90","67","61"
"533679756","46","Female","515","I","OD","Ac","totally caused","91","100","85"
"533679756","46","Female","515","S","OD","Ab","did not cause","64","57","56"
"533679756","46","Female","515","T","JC","Ab","totally caused","91","92","92"
"533679756","46","Female","515","W","JC","Ac","totally caused","100","100","100"
"387511888","26","Female","533","B","OD","Ab","did not cause","100","0","100"
"387511888","26","Female","533","Bu","OD","N","partially caused","83","48","78"
"387511888","26","Female","533","C","JC","N","partially caused","87","56","85"
"387511888","26","Female","533","Cof","OD","I","did not cause","80","0","81"
"387511888","26","Female","533","D","OD","N","did not cause","100","100","100"
"387511888","26","Female","533","I","JC","I","partially caused","100","59","81"
"387511888","26","Female","533","S","JC","Ab","partially caused","76","100","100"
"387511888","26","Female","533","T","OD","N","partially caused","51","54","85"
"387511888","26","Female","533","W","OD","I","totally caused","83","100","91"
"157848022","65","Female","534","B","OD","Ab","partially caused","78","66","76"
"157848022","65","Female","534","Bu","OD","Ab","partially caused","78","64","71"
"157848022","65","Female","534","C","JC","N","partially caused","66","70","72"
"157848022","65","Female","534","Cof","JC","I","partially caused","67","83","78"
"157848022","65","Female","534","D","OD","N","partially caused","92","66","65"
"157848022","65","Female","534","I","JC","I","partially caused","71","80","82"
"157848022","65","Female","534","S","OD","Ab","totally caused","85","95","96"
"157848022","65","Female","534","T","JC","Ab","totally caused","100","100","100"
"157848022","65","Female","534","W","OD","Ac","totally caused","100","100","100"
"433791130","32","Male","538","B","JC","N","totally caused","89","73","88"
"433791130","32","Male","538","Bu","OD","N","partially caused","42","65","75"
"433791130","32","Male","538","C","OD","Ab","totally caused","84","32","73"
"433791130","32","Male","538","Cof","OD","Ac","did not cause","38","20","78"
"433791130","32","Male","538","D","OD","N","partially caused","90","31","81"
"433791130","32","Male","538","I","OD","Ac","partially caused","24","35","77"
"433791130","32","Male","538","S","OD","Ab","partially caused","73","71","73"
"433791130","32","Male","538","T","JC","Ab","did not cause","76","63","77"
"433791130","32","Male","538","W","OD","Ac","did not cause","90","16","90"
"321427839","34","Female","556","B","JC","N","partially caused","100","69","66"
"321427839","34","Female","556","Bu","OD","Ab","partially caused","100","58","64"
"321427839","34","Female","556","C","JC","N","partially caused","100","63","61"
"321427839","34","Female","556","Cof","JC","I","partially caused","74","43","61"
"321427839","34","Female","556","D","JC","N","partially caused","85","58","79"
"321427839","34","Female","556","I","JC","I","did not cause","65","43","64"
"321427839","34","Female","556","S","JC","N","partially caused","82","71","81"
"321427839","34","Female","556","T","JC","N","partially caused","100","66","70"
"321427839","34","Female","556","W","OD","I","did not cause","57","25","65"
"222232163","54","Male","560","B","OD","Ab","did not cause","78","27","25"
"222232163","54","Male","560","Bu","JC","Ab","totally caused","98","51","98"
"222232163","54","Male","560","C","OD","N","totally caused","91","100","99"
"222232163","54","Male","560","Cof","JC","I","partially caused","38","69","33"
"222232163","54","Male","560","D","OD","Ab","partially caused","100","51","99"
"222232163","54","Male","560","I","JC","Ac","totally caused","100","98","84"
"222232163","54","Male","560","S","JC","N","partially caused","91","47","78"
"222232163","54","Male","560","T","OD","Ab","partially caused","87","88","100"
"222232163","54","Male","560","W","JC","Ac","totally caused","97","98","99"
"222640983","38","Male","563","B","OD","N","totally caused","100","100","100"
"222640983","38","Male","563","Bu","OD","N","totally caused","100","100","100"
"222640983","38","Male","563","C","JC","N","partially caused","100","51","100"
"222640983","38","Male","563","Cof","JC","Ac","totally caused","100","100","100"
"222640983","38","Male","563","D","JC","Ab","partially caused","100","51","100"
"222640983","38","Male","563","I","JC","I","did not cause","100","50","100"
"222640983","38","Male","563","S","OD","Ab","partially caused","100","51","100"
"222640983","38","Male","563","T","OD","Ab","totally caused","100","100","100"
"222640983","38","Male","563","W","JC","Ac","totally caused","100","100","100"
"521735103","30","Male","564","B","OD","Ab","partially caused","65","37","96"
"521735103","30","Male","564","Bu","JC","N","totally caused","100","58","87"
"521735103","30","Male","564","C","OD","N","partially caused","72","63","96"
"521735103","30","Male","564","Cof","JC","I","did not cause","100","11","100"
"521735103","30","Male","564","D","JC","Ab","partially caused","98","85","95"
"521735103","30","Male","564","I","JC","I","partially caused","64","34","60"
"521735103","30","Male","564","S","OD","Ab","partially caused","100","56","80"
"521735103","30","Male","564","T","OD","N","partially caused","94","69","100"
"521735103","30","Male","564","W","JC","I","did not cause","100","6","92"
"647582546","22","Male","572","B","OD","N","partially caused","71","51","100"
"647582546","22","Male","572","Bu","OD","N","partially caused","85","76","89"
"647582546","22","Male","572","C","OD","Ab","totally caused","100","100","100"
"647582546","22","Male","572","Cof","JC","Ac","totally caused","100","100","100"
"647582546","22","Male","572","D","OD","Ab","partially caused","66","49","80"
"647582546","22","Male","572","I","OD","Ac","did not cause","92","0","100"
"647582546","22","Male","572","S","OD","Ab","did not cause","78","47","100"
"647582546","22","Male","572","T","JC","Ab","totally caused","100","100","100"
"647582546","22","Male","572","W","OD","Ac","did not cause","80","0","81"
"905924795","36","Male","576","B","OD","N","partially caused","55","50","28"
"905924795","36","Male","576","Bu","OD","N","partially caused","93","49","85"
"905924795","36","Male","576","C","JC","N","partially caused","70","52","61"
"905924795","36","Male","576","Cof","OD","I","did not cause","72","0","56"
"905924795","36","Male","576","D","OD","N","partially caused","3","67","9"
"905924795","36","Male","576","I","OD","Ac","did not cause","56","1","54"
"905924795","36","Male","576","S","JC","Ab","partially caused","60","52","39"
"905924795","36","Male","576","T","JC","Ab","partially caused","40","76","32"
"905924795","36","Male","576","W","JC","Ac","totally caused","43","97","79"
"605566525","33","Other","585","B","JC","Ab","did not cause","79","28","77"
"605566525","33","Other","585","Bu","JC","Ab","totally caused","92","86","80"
"605566525","33","Other","585","C","JC","N","partially caused","75","58","71"
"605566525","33","Other","585","Cof","OD","Ac","did not cause","89","30","68"
"605566525","33","Other","585","D","JC","N","partially caused","80","18","78"
"605566525","33","Other","585","I","JC","Ac","totally caused","87","90","96"
"605566525","33","Other","585","S","JC","N","partially caused","81","75","73"
"605566525","33","Other","585","T","OD","Ab","totally caused","92","92","91"
"605566525","33","Other","585","W","JC","Ac","totally caused","73","91","94"
"635426604","39","Male","590","B","JC","N","partially caused","100","90","95"
"635426604","39","Male","590","Bu","OD","N","totally caused","37","89","90"
"635426604","39","Male","590","C","OD","N","totally caused","98","100","92"
"635426604","39","Male","590","Cof","OD","Ac","did not cause","100","0","100"
"635426604","39","Male","590","D","JC","N","partially caused","100","66","100"
"635426604","39","Male","590","I","JC","I","partially caused","77","27","57"
"635426604","39","Male","590","S","OD","Ab","partially caused","95","11","83"
"635426604","39","Male","590","T","JC","N","partially caused","100","82","65"
"635426604","39","Male","590","W","OD","I","did not cause","100","0","81"
"878481155","34","Female","603","B","JC","N","partially caused","72","75","75"
"878481155","34","Female","603","Bu","OD","Ab","did not cause","59","61","33"
"878481155","34","Female","603","C","JC","N","partially caused","58","50","100"
"878481155","34","Female","603","Cof","OD","Ac","totally caused","77","100","90"
"878481155","34","Female","603","D","OD","Ab","did not cause","16","50","31"
"878481155","34","Female","603","I","JC","I","partially caused","42","25","62"
"878481155","34","Female","603","S","OD","Ab","partially caused","83","66","70"
"878481155","34","Female","603","T","JC","N","partially caused","64","18","65"
"878481155","34","Female","603","W","OD","I","totally caused","75","81","80"
"728517850","51","Male","603","B","JC","N","partially caused","100","82","90"
"728517850","51","Male","603","Bu","OD","Ab","did not cause","76","29","69"
"728517850","51","Male","603","C","JC","N","partially caused","75","83","100"
"728517850","51","Male","603","Cof","JC","Ac","totally caused","100","100","100"
"728517850","51","Male","603","D","JC","N","partially caused","100","66","99"
"728517850","51","Male","603","I","OD","Ac","did not cause","63","24","46"
"728517850","51","Male","603","S","OD","N","partially caused","81","69","81"
"728517850","51","Male","603","T","OD","Ab","partially caused","77","78","100"
"728517850","51","Male","603","W","JC","Ac","totally caused","100","100","100"
"267099066","34","Female","622","B","JC","Ab","totally caused","96","100","100"
"267099066","34","Female","622","Bu","JC","Ab","totally caused","78","87","71"
"267099066","34","Female","622","C","JC","Ab","totally caused","100","51","78"
"267099066","34","Female","622","Cof","OD","I","partially caused","71","0","100"
"267099066","34","Female","622","D","OD","Ab","totally caused","86","100","64"
"267099066","34","Female","622","I","OD","I","partially caused","81","8","83"
"267099066","34","Female","622","S","JC","Ab","partially caused","76","100","74"
"267099066","34","Female","622","T","OD","N","totally caused","82","100","83"
"267099066","34","Female","622","W","OD","I","did not cause","100","4","99"
"670583506","31","Male","623","B","OD","Ab","totally caused","100","100","100"
"670583506","31","Male","623","Bu","OD","N","totally caused","100","100","100"
"670583506","31","Male","623","C","OD","Ab","totally caused","100","100","100"
"670583506","31","Male","623","Cof","OD","I","totally caused","90","0","100"
"670583506","31","Male","623","D","JC","Ab","partially caused","100","51","100"
"670583506","31","Male","623","I","OD","I","totally caused","100","100","100"
"670583506","31","Male","623","S","JC","N","did not cause","60","100","100"
"670583506","31","Male","623","T","OD","Ab","totally caused","100","100","100"
"670583506","31","Male","623","W","JC","I","totally caused","100","100","100"
"661528301","24","Male","627","B","JC","Ab","partially caused","31","21","81"
"661528301","24","Male","627","Bu","OD","Ab","totally caused","86","92","71"
"661528301","24","Male","627","C","JC","Ab","did not cause","70","95","95"
"661528301","24","Male","627","Cof","JC","Ac","did not cause","89","15","87"
"661528301","24","Male","627","D","JC","N","totally caused","95","84","86"
"661528301","24","Male","627","I","JC","Ac","totally caused","96","97","96"
"661528301","24","Male","627","S","OD","N","partially caused","81","93","90"
"661528301","24","Male","627","T","JC","N","partially caused","26","27","77"
"661528301","24","Male","627","W","JC","I","partially caused","34","85","98"
"508506282","35","Male","628","B","JC","N","partially caused","100","59","82"
"508506282","35","Male","628","Bu","JC","Ab","partially caused","41","73","14"
"508506282","35","Male","628","C","JC","Ab","totally caused","80","75","22"
"508506282","35","Male","628","Cof","OD","I","did not cause","100","4","83"
"508506282","35","Male","628","D","JC","N","did not cause","77","52","100"
"508506282","35","Male","628","I","OD","Ac","totally caused","100","100","83"
"508506282","35","Male","628","S","JC","Ab","totally caused","89","86","16"
"508506282","35","Male","628","T","OD","N","partially caused","100","48","12"
"508506282","35","Male","628","W","JC","I","did not cause","85","28","10"
"322971352","35","Male","630","B","OD","Ab","did not cause","38","20","65"
"322971352","35","Male","630","Bu","JC","Ab","did not cause","39","26","81"
"322971352","35","Male","630","C","JC","Ab","totally caused","90","100","100"
"322971352","35","Male","630","Cof","JC","Ac","did not cause","71","7","83"
"322971352","35","Male","630","D","OD","Ab","totally caused","82","90","75"
"322971352","35","Male","630","I","OD","Ac","totally caused","46","67","70"
"322971352","35","Male","630","S","OD","N","partially caused","91","88","71"
"322971352","35","Male","630","T","OD","N","totally caused","80","100","100"
"322971352","35","Male","630","W","JC","I","partially caused","82","75","85"
"612987074","62","Female","664","B","OD","N","partially caused","73","29","63"
"612987074","62","Female","664","Bu","OD","Ab","partially caused","42","8","90"
"612987074","62","Female","664","C","JC","Ab","totally caused","79","79","87"
"612987074","62","Female","664","Cof","JC","I","did not cause","87","88","75"
"612987074","62","Female","664","D","OD","N","totally caused","100","100","100"
"612987074","62","Female","664","I","JC","I","did not cause","95","17","40"
"612987074","62","Female","664","S","OD","N","did not cause","84","13","83"
"612987074","62","Female","664","T","JC","N","did not cause","68","59","37"
"612987074","62","Female","664","W","OD","I","did not cause","79","13","57"
"746641155","33","Male","694","B","JC","Ab","partially caused","60","63","59"
"746641155","33","Male","694","Bu","JC","N","partially caused","38","69","84"
"746641155","33","Male","694","C","JC","N","did not cause","70","80","70"
"746641155","33","Male","694","Cof","OD","I","did not cause","37","38","58"
"746641155","33","Male","694","D","JC","Ab","partially caused","70","36","47"
"746641155","33","Male","694","I","JC","I","did not cause","39","31","71"
"746641155","33","Male","694","S","OD","N","did not cause","79","72","59"
"746641155","33","Male","694","T","OD","N","partially caused","60","76","67"
"746641155","33","Male","694","W","JC","I","totally caused","64","73","65"
"552768017","26","Male","707","B","OD","Ab","partially caused","33","8","92"
"552768017","26","Male","707","Bu","OD","Ab","partially caused","80","62","41"
"552768017","26","Male","707","C","OD","N","totally caused","73","59","95"
"552768017","26","Male","707","Cof","JC","Ac","partially caused","79","100","100"
"552768017","26","Male","707","D","JC","Ab","partially caused","100","93","100"
"552768017","26","Male","707","I","JC","Ac","totally caused","70","99","93"
"552768017","26","Male","707","S","JC","N","partially caused","100","87","63"
"552768017","26","Male","707","T","JC","N","partially caused","100","94","96"
"552768017","26","Male","707","W","OD","I","totally caused","58","99","93"
"577565037","53","Male","710","B","JC","Ab","totally caused","78","100","97"
"577565037","53","Male","710","Bu","JC","Ab","totally caused","99","51","28"
"577565037","53","Male","710","C","OD","Ab","totally caused","95","87","83"
"577565037","53","Male","710","Cof","JC","I","totally caused","44","99","95"
"577565037","53","Male","710","D","OD","N","totally caused","100","100","90"
"577565037","53","Male","710","I","OD","I","totally caused","100","100","100"
"577565037","53","Male","710","S","JC","Ab","totally caused","88","0","100"
"577565037","53","Male","710","T","OD","N","partially caused","100","51","100"
"577565037","53","Male","710","W","JC","I","totally caused","100","100","100"
"571333808","32","Male","724","B","JC","Ab","partially caused","88","90","81"
"571333808","32","Male","724","Bu","JC","N","partially caused","95","57","82"
"571333808","32","Male","724","C","JC","N","partially caused","95","95","86"
"571333808","32","Male","724","Cof","JC","I","partially caused","82","72","92"
"571333808","32","Male","724","D","JC","Ab","partially caused","99","75","89"
"571333808","32","Male","724","I","OD","I","did not cause","83","25","78"
"571333808","32","Male","724","S","JC","Ab","partially caused","83","83","65"
"571333808","32","Male","724","T","JC","N","partially caused","93","70","90"
"571333808","32","Male","724","W","OD","I","did not cause","64","29","67"
"194266815","46","Female","729","B","JC","Ab","partially caused","95","70","80"
"194266815","46","Female","729","Bu","OD","Ab","did not cause","72","55","21"
"194266815","46","Female","729","C","OD","N","did not cause","25","34","71"
"194266815","46","Female","729","Cof","JC","I","partially caused","97","76","87"
"194266815","46","Female","729","D","OD","N","did not cause","70","15","69"
"194266815","46","Female","729","I","OD","I","did not cause","89","8","95"
"194266815","46","Female","729","S","JC","N","partially caused","98","61","91"
"194266815","46","Female","729","T","JC","Ab","partially caused","95","95","78"
"194266815","46","Female","729","W","OD","I","did not cause","98","8","97"
"357296158","24","Male","752","B","JC","N","partially caused","81","51","90"
"357296158","24","Male","752","Bu","JC","N","partially caused","81","51","98"
"357296158","24","Male","752","C","JC","N","partially caused","87","49","83"
"357296158","24","Male","752","Cof","OD","Ac","did not cause","89","0","91"
"357296158","24","Male","752","D","JC","N","partially caused","78","51","97"
"357296158","24","Male","752","I","JC","Ac","totally caused","100","100","94"
"357296158","24","Male","752","S","JC","Ab","partially caused","83","56","74"
"357296158","24","Male","752","T","OD","N","partially caused","65","52","85"
"357296158","24","Male","752","W","JC","I","did not cause","100","0","91"
"446271634","29","Male","767","B","JC","Ab","partially caused","100","100","100"
"446271634","29","Male","767","Bu","JC","Ab","totally caused","100","100","100"
"446271634","29","Male","767","C","OD","N","partially caused","100","50","100"
"446271634","29","Male","767","Cof","OD","Ac","did not cause","100","0","100"
"446271634","29","Male","767","D","JC","Ab","totally caused","100","100","100"
"446271634","29","Male","767","I","JC","Ac","totally caused","100","100","100"
"446271634","29","Male","767","S","OD","N","partially caused","100","49","100"
"446271634","29","Male","767","T","JC","N","partially caused","100","51","100"
"446271634","29","Male","767","W","OD","I","totally caused","100","50","100"
"254802261","45","Male","827","B","OD","N","totally caused","87","57","73"
"254802261","45","Male","827","Bu","OD","N","did not cause","83","40","88"
"254802261","45","Male","827","C","JC","N","partially caused","87","53","74"
"254802261","45","Male","827","Cof","JC","I","did not cause","92","19","81"
"254802261","45","Male","827","D","OD","N","totally caused","75","94","97"
"254802261","45","Male","827","I","JC","Ac","totally caused","61","57","74"
"254802261","45","Male","827","S","JC","Ab","partially caused","90","52","92"
"254802261","45","Male","827","T","OD","Ab","totally caused","71","93","94"
"254802261","45","Male","827","W","OD","I","did not cause","63","11","92"
"736129328","38","Male","828","B","JC","Ab","partially caused","95","76","84"
"736129328","38","Male","828","Bu","JC","N","partially caused","84","81","95"
"736129328","38","Male","828","C","OD","Ab","did not cause","87","84","88"
"736129328","38","Male","828","Cof","JC","Ac","partially caused","89","70","87"
"736129328","38","Male","828","D","OD","Ab","totally caused","99","16","86"
"736129328","38","Male","828","I","JC","I","did not cause","93","4","83"
"736129328","38","Male","828","S","JC","N","totally caused","100","74","69"
"736129328","38","Male","828","T","JC","Ab","totally caused","100","100","100"
"736129328","38","Male","828","W","JC","Ac","totally caused","75","98","63"
"409248920","24","Female","863","B","JC","Ab","partially caused","100","49","96"
"409248920","24","Female","863","Bu","OD","Ab","did not cause","100","0","100"
"409248920","24","Female","863","C","JC","N","partially caused","98","50","83"
"409248920","24","Female","863","Cof","JC","I","did not cause","84","3","98"
"409248920","24","Female","863","D","JC","Ab","partially caused","95","61","96"
"409248920","24","Female","863","I","JC","Ac","totally caused","96","100","99"
"409248920","24","Female","863","S","OD","N","partially caused","96","50","93"
"409248920","24","Female","863","T","JC","N","partially caused","100","50","99"
"409248920","24","Female","863","W","JC","I","did not cause","99","0","98"
"548781551","37","Female","869","B","JC","Ab","partially caused","99","60","100"
"548781551","37","Female","869","Bu","OD","N","partially caused","94","82","96"
"548781551","37","Female","869","C","OD","Ab","totally caused","100","89","83"
"548781551","37","Female","869","Cof","JC","Ac","totally caused","100","100","100"
"548781551","37","Female","869","D","JC","Ab","partially caused","100","91","100"
"548781551","37","Female","869","I","OD","I","partially caused","89","13","100"
"548781551","37","Female","869","S","JC","N","partially caused","100","57","88"
"548781551","37","Female","869","T","OD","Ab","partially caused","97","100","100"
"548781551","37","Female","869","W","OD","Ac","partially caused","80","0","92"
"731080625","59","Female","919","B","OD","Ab","partially caused","90","50","100"
"731080625","59","Female","919","Bu","JC","Ab","totally caused","100","82","82"
"731080625","59","Female","919","C","JC","N","partially caused","100","78","82"
"731080625","59","Female","919","Cof","JC","I","did not cause","100","0","94"
"731080625","59","Female","919","D","OD","Ab","partially caused","86","100","100"
"731080625","59","Female","919","I","JC","I","did not cause","100","0","100"
"731080625","59","Female","919","S","JC","Ab","totally caused","88","100","100"
"731080625","59","Female","919","T","JC","N","partially caused","100","51","82"
"731080625","59","Female","919","W","JC","Ac","totally caused","100","100","100"
"749861659","29","Female","926","B","OD","Ab","partially caused","60","73","100"
"749861659","29","Female","926","Bu","OD","Ab","partially caused","85","64","100"
"749861659","29","Female","926","C","OD","N","totally caused","100","86","100"
"749861659","29","Female","926","Cof","JC","Ac","totally caused","100","100","100"
"749861659","29","Female","926","D","JC","N","partially caused","77","25","95"
"749861659","29","Female","926","I","JC","I","partially caused","73","55","92"
"749861659","29","Female","926","S","OD","Ab","totally caused","94","100","100"
"749861659","29","Female","926","T","OD","Ab","did not cause","91","0","100"
"749861659","29","Female","926","W","JC","I","totally caused","92","100","100"
