StartDate,EndDate,Status,IPAddress,Progress,Duration (in seconds),Finished,RecordedDate,ResponseId,RecipientLastName,RecipientFirstName,RecipientEmail,ExternalReference,LocationLatitude,LocationLongitude,DistributionChannel,UserLanguage,InformedConsent,Instruct2_1,Instruct5,Instruct8_1,T_JC_N_MC_Resp,T_JC_N_MC_Conf_1,T_JC_N_VAS_Resp_1,T_JC_N_VAS_Conf_1,T_JC_A_MC_Resp,T_JC_A_MC_Conf_1,T_JC_A_VAS_Resp_1,T_JC_A_VAS_Conf_1,T_OD_N_MC_Resp,T_OD_N_MC_Conf_1,T_OD_N_VAS_Resp_1,T_OD_N_VAS_Conf_1,T_OD_A_MC_Resp,T_OD_A_MC_Conf_1,T_OD_A_VAS_Resp_1,T_OD_A_VAS_Conf_1,C_JC_N_MC_Resp,C_JC_N_MC_Conf_1,C_JC_N_VAS_Resp_1,C_JC_N_VAS_Conf_1,C_JC_A_MC_Resp,C_JC_A_MC_Conf_1,C_JC_A_VAS_Resp_1,C_JC_A_VAS_Conf_1,C_OD_N_MC_Resp,C_OD_N_MC_Conf_1,C_OD_N_VAS_Resp_1,C_OD_N_VAS_Conf_1,C_OD_A_MC_Resp,C_OD_A_MC_Conf_1,C_OD_A_VAS_Resp_1,C_OD_A_VAS_Conf_1,B_JC_N_MC_Resp,B_JC_N_MC_Conf_1,B_JC_N_VAS_Resp_1,B_JC_N_VAS_Conf_1,B_JC_A_MC_Resp,B_JC_A_MC_Conf_1,B_JC_A_VAS_Resp_1,B_JC_A_VAS_Conf_1,B_OD_N_MC_Resp,B_OD_N_MC_Conf_1,B_OD_N_VAS_Resp_1,B_OD_N_VAS_Conf_1,B_OD_A_MC_Resp,B_OD_A_MC_Conf_1,B_OD_A_VAS_Resp_1,B_OD_A_VAS_Conf_1,D_JC_N_MC_Resp,D_JC_N_MC_Conf_1,D_JC_N_VAS_Resp_1,D_JC_N_VAS_Conf_1,D_JC_A_MC_Resp,D_JC_A_MC_Conf_1,D_JC_A_VAS_Resp_1,D_JC_A_VAS_Conf_1,D_OD_N_MC_Resp,D_OD_N_MC_Conf_1,D_OD_N_VAS_Resp_1,D_OD_N_VAS_Conf_1,D_OD_A_MC_Resp,D_OD_A_MC_Conf_1,D_OD_A_VAS_Resp_1,D_OD_A_VAS_Conf_1,S_JC_N_MC_Resp,S_JC_N_MC_Conf_1,S_JC_N_VAS_Resp_1,S_JC_N_VAS_Conf_1,S_JC_A_MC_Resp,S_JC_A_MC_Conf_1,S_JC_A_VAS_Resp_1,S_JC_A_VAS_Conf_1,S_OD_N_MC_Resp,S_OD_N_MC_Conf_1,S_OD_N_VAS_Resp_1,S_OD_N_VAS_Conf_1,S_OD_A_MC_Resp,S_OD_A_MC_Conf_1,S_OD_A_VAS_Resp_1,S_OD_A_VAS_Conf_1,Bu_JC_N_MC_Resp,Bu_JC_N_MC_Conf_1,Bu_JC_N_VAS_Resp_1,Bu_JC_N_VAS_Conf_1,Bu_JC_A_MC_Resp,Bu_JC_A_MC_Conf_1,Bu_JC_A_VAS_Resp_1,Bu_JC_A_VAS_Conf_1,Bu_OD_N_MC_Resp,Bu_OD_N_MC_Conf_1,Bu_OD_N_VAS_Resp_1,Bu_OD_N_VAS_Conf_1,Bu_OD_A_MC_Resp,Bu_OD_A_MC_Conf_1,Bu_OD_A_VAS_Resp_1,Bu_OD_A_VAS_Conf_1,I_JC_A_MC_Resp,I_JC_A_MC_Conf_1,I_JC_A_VAS_Resp_1,I_JC_A_VAS_Conf_1,I_JC_I_MC_Resp,I_JC_I_MC_Conf_1,I_JC_I_VAS_Resp_1,I_JC_I_VAS_Conf_1,I_OD_A_MC_Resp,I_OD_A_MC_Conf_1,I_OD_A_VAS_Resp_1,I_OD_A_VAS_Conf_1,I_OD_I_MC_Resp,I_OD_I_MC_Conf_1,I_OD_I_VAS_Resp_1,I_OD_I_VAS_Conf_1,W_JC_A_MC_Resp,W_JC_A_MC_Conf_1,W_JC_A_VAS_Resp_1,W_JC_A_VAS_Conf_1,W_JC_I_MC_Resp,W_JC_I_MC_Conf_1,W_JC_I_VAS_Resp_1,W_JC_I_VAS_Conf_1,W_OD_A_MC_Resp,W_OD_A_MC_Conf_1,W_OD_A_VAS_Resp_1,W_OD_A_VAS_Conf_1,W_OD_I_MC_Resp,W_OD_I_MC_Conf_1,W_OD_I_VAS_Resp_1,W_OD_I_VAS_Conf_1,Cof_JC_A_MC_Resp,Cof_JC_A_MC_Conf_1,Cof_JC_A_VAS_Resp_1,Cof_JC_A_VAS_Conf_1,Cof_JC_I_MC_Resp,Cof_JC_I_MC_Conf_1,Cof_JC_I_VAS_Resp_1,Cof_JC_I_VAS_Conf_1,Cof_OD_A_MC_Resp,Cof_OD_A_MC_Conf_1,Cof_OD_A_VAS_Resp_1,Cof_OD_A_VAS_Conf_1,Cof_OD_I_MC_Resp,Cof_OD_I_MC_Conf_1,Cof_OD_I_VAS_Resp_1,Cof_OD_I_VAS_Conf_1,Age,Sex,AttnCheck,SC0,Name1,Name2,Name3,Name4,Business1,Business2,Business3,Business4,Trains JC-Normal MC,Trains JC-Normal VAS,Trains JC-Abnormal MC,Trains JC-Abnormal VAS,Trains OD-Normal MC,Trains OD-Normal VAS,Trains OD-Abnormal MC,Trains OD-Abnormal VAS,Computer JC-Normal MC,Computer JC-Normal VAS,Computer JC-Abnormal MC,Computer JC-Abnormal VAS,Computer OD-Normal MC,Computer OD-Normal VAS,Computer OD-Abnormal MC,Computer OD-Abnormal VAS,Battery JC-Normal MC,Battery JC-Normal VAS,Battery JC-Abnormal MC,Battery JC-Abnormal VAS,Battery OD-Normal MC,Battery OD-Normal VAS,Battery OD-Abnormal MC,Battery OD-Abnormal VAS,Dice JC-Normal MC,Dice JC-Normal VAS,Dice JC-Abnormal MC,Dice JC-Abnormal VAS,Dice OD-Normal MC,Dice OD-Normal VAS,Dice OD-Abnormal MC,Dice OD-Abnormal VAS,Sprinkler JC-Normal MC,Sprinkler JC-Normal VAS,Sprinkler JC-Abnormal MC,Sprinkler JC-Abnormal VAS,Sprinkler OD-Normal MC,Sprinkler OD-Normal VAS,Sprinkler OD-Abnormal MC,Sprinkler OD-Abnormal VAS,Building JC-Normal MC,Building JC-Normal VAS,Building JC-Abnormal MC,Building JC-Abnormal VAS,Building OD-Normal MC,Building OD-Normal VAS,Building OD-Abnormal MC,Building OD-Abnormal VAS,Implosion JC-Action MC,Implosion JC-Action VAS,Implosion JC-Inaction MC,Implosion JC-Inaction VAS,Implosion OD-Action MC,Implosion OD-Action VAS,Implosion OD-Inaction MC,Implosion OD-Inaction VAS,Watch JC-Action MC,Watch JC-Action VAS,Watch JC-Inaction MC,Watch JC-Inaction VAS,Watch OD-Action MC,Watch OD-Action VAS,Watch OD-Inaction MC,Watch OD-Inaction VAS,Coffee JC-Action MC,Coffee JC-Action VAS,Coffee JC-Inaction MC,Coffee JC-Inaction VAS,Coffee OD-Action MC,Coffee OD-Action VAS,Coffee OD-Inaction MC,Coffee OD-Inaction VAS,RandomID,Q245 - Topics
Start Date,End Date,Response Type,IP Address,Progress,Duration (in seconds),Finished,Recorded Date,Response ID,Recipient Last Name,Recipient First Name,Recipient Email,External Data Reference,Location Latitude,Location Longitude,Distribution Channel,User Language,"Welcome to Our Study!    

This consent form asks you to take part in a research study. The study is being conducted by Felipe De Brigard, PhD., associate professor at the Department of Philosophy, the Center for Cognitive Neuroscience, and the Duke Institute for Brain Sciences.

 

Purpose: This research study seeks to help us understand the ways in which memory and imagination interact.

 

What you will be asked to do: This research study consists of one session. You will be asked to read a passage and then to answer some questions about it. The total time for participating in this research study is expected to take between 15 and 30 minutes. At the end of the study, you will be paid $4.50. Participation in this study is voluntary, and you can stop at any time without penalty, but you will only be compensated for your time if you get to the end of each session and submit your HIT. To withdraw from the study, click on the “Return HIT” button, or close your browser window.

 

How your confidentiality will be maintained: If you choose to participate, your name will not be linked to your responses at any time, and there is no link between this consent form and your responses. However, we will collect your Amazon Mechanical Turk worker identification number for payment purposes and record keeping. All data will be securely saved at all times. All data we keep will be de-identified, indefinitely.

 

Benefits and Risks: This research will not benefit you personally. The researcher will be happy to discuss the details of the study with you in detail at its completion.  We know of no risks to you for participating in this study.  

 

If you have any questions about this research, please ask the experimenter who set up this “HIT”.  You may also contact the IMC Lab at imagination-study@duke.edu if you have any questions. For questions about your rights in this study, contact the Duke IRB at campusirb@duke.edu

 

Clicking Accept: By clicking on the “I consent” button, you indicate that you are 18 years of age or older, that you voluntarily agree to participate in this study and that you understand the information in this consent form. You have not waived any legal rights you otherwise would have as a participant in a research study.

 

imagination-study@duke.edu

Protocol: E0089",To what extent did X cause Y?,X ______ Y.,How confident are you in your response?,[Field-Name1] driving onto the bridge _____ it to collapse.,How confident is your response? - 1,To what extent did [Field-Name3] driving onto the bridge cause it to collapse? - To what extent did ${e://Field/Name3} driving onto the bridge cause it to collapse?,How confident is your response? - 1,[Field-Name1] driving onto the bridge _____ it to collapse.,How confident is your response? - 1,To what extent did [Field-Name3] driving onto the bridge cause it to collapse? - To what extent did ${e://Field/Name3} driving onto the bridge cause it to collapse?,How confident is your response? - 1,[Field-Name1] driving onto the bridge _____ it to collapse.,How confident is your response? - 1,To what extent did [Field-Name3] driving onto the bridge cause it to collapse? - To what extent did ${e://Field/Name3} driving onto the bridge cause it to collapse?,How confident is your response? - 1,[Field-Name1] driving onto the bridge _____ it to collapse.,How confident is your response? - 1,To what extent did [Field-Name3] driving onto the bridge cause it to collapse? - To what extent did ${e://Field/Name3} driving onto the bridge cause it to collapse?,How confident is your response? - 1,[Field-Name1] logging in to the central computer _____ the emails to be deleted.,How confident is your response? - 1,To what extent did [Field-Name3] logging in to the central computer cause the emails to be deleted? - To what extent did ${e://Field/Name3} logging in to the central computer cause the emails to be deleted?,How confident is your response? - 1,[Field-Name1] logging in to the central computer _____ the emails to be deleted.,How confident is your response? - 1,To what extent did [Field-Name3] logging in to the central computer cause the emails to be deleted? - To what extent did ${e://Field/Name3} logging in to the central computer cause the emails to be deleted?,How confident is your response? - 1,[Field-Name1] logging in to the central computer _____ the emails to be deleted.,How confident is your response? - 1,To what extent did [Field-Name3] logging in to the central computer cause the emails to be deleted? - To what extent did ${e://Field/Name3} logging in to the central computer cause the emails to be deleted?,How confident is your response? - 1,[Field-Name1] logging in to the central computer _____ the emails to be deleted.,How confident is your response? - 1,To what extent did [Field-Name3] logging in to the central computer cause the emails to be deleted? - To what extent did ${e://Field/Name3} logging in to the central computer cause the emails to be deleted?,How confident is your response? - 1,[Field-Name1] obtaining a Bartlett battery _____ the car to be started.,How confident is your response? - 1,To what extent did [Field-Name3] obtaining a Bartlett battery cause the car to be started? - To what extent did ${e://Field/Name3} obtaining a Bartlett battery cause the car to be started?,How confident is your response? - 1,[Field-Name1] obtaining a Bartlett battery _____ the car to be started.,How confident is your response? - 1,To what extent did [Field-Name3] obtaining a Bartlett battery cause the car to be started? - To what extent did ${e://Field/Name3} obtaining a Bartlett battery cause the car to be started?,How confident is your response? - 1,[Field-Name1] obtaining a Bartlett battery _____ the car to be started.,How confident is your response? - 1,To what extent did [Field-Name3] obtaining a Bartlett battery cause the car to be started? - To what extent did ${e://Field/Name3} obtaining a Bartlett battery cause the car to be started?,How confident is your response? - 1,[Field-Name1] obtaining a Bartlett battery _____ the car to be started.,How confident is your response? - 1,To what extent did [Field-Name3] obtaining a Bartlett battery cause the car to be started? - To what extent did ${e://Field/Name3} obtaining a Bartlett battery cause the car to be started?,How confident is your response? - 1,[Field-Name1]'s dice roll _____ him to win the game.,How confident is your response? - 1,To what extent did [Field-Name3]'s dice roll cause him the win the game? - To what extent did ${e://Field/Name3}'s dice roll cause him the win the game?,How confident is your response? - 1,[Field-Name1]'s dice roll _____ him to win the game.,How confident is your response? - 1,To what extent did [Field-Name3]'s dice roll cause him the win the game? - To what extent did ${e://Field/Name3}'s dice roll cause him the win the game?,How confident is your response? - 1,[Field-Name1]'s dice roll _____ him to win the game.,How confident is your response? - 1,To what extent did [Field-Name3]'s dice roll cause him the win the game? - To what extent did ${e://Field/Name3}'s dice roll cause him the win the game?,How confident is your response? - 1,[Field-Name1]'s dice roll _____ him to win the game.,How confident is your response? - 1,To what extent did [Field-Name3]'s dice roll cause him the win the game? - To what extent did ${e://Field/Name3}'s dice roll cause him the win the game?,How confident is your response? - 1,The onset of rain at 8:45am _____ the walkway to be flooded when [Field-Name1] got to work.,How confident is your response? - 1,To what extent did the onset of rain at 8:45am cause the walkway to be flooded when [Field-Name3] got to work? - To what extent did the onset of rain at 8:45am cause the walkway to be flooded when ${e://Field/Name3} got to work?,How confident is your response? - 1,The onset of rain at 8:45am _____ the walkway to be flooded when [Field-Name1] got to work.,How confident is your response? - 1,To what extent did the onset of rain at 8:45am cause the walkway to be flooded when [Field-Name3] got to work? - To what extent did the onset of rain at 8:45am cause the walkway to be flooded when ${e://Field/Name3} got to work?,How confident is your response? - 1,The onset of rain at 8:45am _____ the walkway to be flooded when [Field-Name1] got to work.,How confident is your response? - 1,To what extent did the onset of rain at 8:45am cause the walkway to be flooded when [Field-Name3] got to work? - To what extent did the onset of rain at 8:45am cause the walkway to be flooded when ${e://Field/Name3} got to work?,How confident is your response? - 1,The onset of rain at 8:45am _____ the walkway to be flooded when [Field-Name1] got to work.,How confident is your response? - 1,To what extent did the onset of rain at 8:45am cause the walkway to be flooded when [Field-Name3] got to work? - To what extent did the onset of rain at 8:45am cause the walkway to be flooded when ${e://Field/Name3} got to work?,How confident is your response? - 1,The [Field-Business2] employees' arrival _____ the climate control system to turn on.,How confident is your response? - 1,To what extent did the [Field-Business4] employees' arrival cause the climate control system to turn on? - To what extent did the ${e://Field/Business4} employees' arrival cause the climate control system to turn on?,How confident is your response? - 1,The [Field-Business2] employees' arrival _____ the climate control system to turn on.,How confident is your response? - 1,To what extent did the [Field-Business4] employees' arrival cause the climate control system to turn on? - To what extent did the ${e://Field/Business4} employees' arrival cause the climate control system to turn on?,How confident is your response? - 1,The [Field-Business2] employees' arrival _____ the climate control system to turn on.,How confident is your response? - 1,To what extent did the [Field-Business4] employees' arrival cause the climate control system to turn on? - To what extent did the ${e://Field/Business4} employees' arrival cause the climate control system to turn on?,How confident is your response? - 1,The [Field-Business2] employees' arrival _____ the climate control system to turn on.,How confident is your response? - 1,To what extent did the [Field-Business4] employees' arrival cause the climate control system to turn on? - To what extent did the ${e://Field/Business4} employees' arrival cause the climate control system to turn on?,How confident is your response? - 1,[Field-Name1] changing the position of knob A _____ the building to implode.,How confident is your response? - 1,To what extent did [Field-Name3] changing the position of knob A cause the building to implode? - To what extent did ${e://Field/Name3} changing the position of knob A cause the building to implode?,How confident is your response? - 1,[Field-Name1] not changing the position of knob A _____ the building to implode.,How confident is your response? - 1,To what extent did [Field-Name3] not changing the position of knob A cause the building to implode? - To what extent did ${e://Field/Name3} not changing the position of knob A cause the building to implode?,How confident is your response? - 1,[Field-Name1] changing the position of knob A _____ the building to implode.,How confident is your response? - 1,To what extent did [Field-Name3] changing the position of knob A cause the building to implode? - To what extent did ${e://Field/Name3} changing the position of knob A cause the building to implode?,How confident is your response? - 1,[Field-Name1] not changing the position of knob A _____ the building to implode.,How confident is your response? - 1,To what extent did [Field-Name3] not changing the position of knob A cause the building to implode? - To what extent did ${e://Field/Name3} not changing the position of knob A cause the building to implode?,How confident is your response? - 1,[Field-Name1] moving the device _____ it to be fully charged at 3:00 PM.,How confident is your response? - 1,To what extend did [Field-Name3] moving the device cause it to be fully charged at 3:00 PM? - To what extend did ${e://Field/Name3} moving the device cause it to be fully charged at 3:00 PM?,How confident is your response? - 1,[Field-Name1] not moving the device _____ it to be fully charged at 3:00 PM.,How confident is your response? - 1,To what extend did [Field-Name3] not moving the device cause it to be fully charged at 3:00 PM? - To what extend did ${e://Field/Name3} not moving the device cause it to be fully charged at 3:00 PM?,How confident is your response? - 1,[Field-Name1] moving the device _____ it to be fully charged at 3:00 PM.,How confident is your response? - 1,To what extend did [Field-Name3] moving the device cause it to be fully charged at 3:00 PM? - To what extend did ${e://Field/Name3} moving the device cause it to be fully charged at 3:00 PM?,How confident is your response? - 1,[Field-Name1] not moving the device _____ it to be fully charged at 3:00 PM.,How confident is your response? - 1,To what extend did [Field-Name3] not moving the device cause it to be fully charged at 3:00 PM? - To what extend did ${e://Field/Name3} not moving the device cause it to be fully charged at 3:00 PM?,How confident is your response? - 1,[Field-Name2] changing her subscription status _____ her to receive a free sample.,How confident is your response? - 1,To what extend did [Field-Name4]  changing her subscription status cause her to receive a free sample? - To what extend did ${e://Field/Name4}  changing her subscription status cause her to receive a free sample?,How confident is your response? - 1,[Field-Name2] not changing her subscription status _____ her to receive a free sample.,How confident is your response? - 1,To what extend did [Field-Name4] not changing her subscription status cause her to receive a free sample? - To what extend did ${e://Field/Name4} not changing her subscription status cause her to receive a free sample?,How confident is your response? - 1,[Field-Name2] changing her subscription status _____ her to receive a free sample.,How confident is your response? - 1,To what extend did [Field-Name4] changing her subscription status cause her to receive a free sample? - To what extend did ${e://Field/Name4} changing her subscription status cause her to receive a free sample?,How confident is your response? - 1,[Field-Name2] not changing her subscription status _____ her to receive a free sample.,How confident is your response? - 1,To what extend did [Field-Name4] not changing her subscription status cause her to receive a free sample? - To what extend did ${e://Field/Name4} not changing her subscription status cause her to receive a free sample?,How confident is your response? - 1,Current Age:,What is your sex?,"Please be honest when answering the following question. Your answer will not affect your payment or eligibility for future studies.



 



The study you have just participated in is a psychological study aimed at understanding human cognition and behavior. Psychological research depends on participants like you. Your responses to surveys like this one are an incredibly valuable source of data for researchers. It is therefore crucial for research that participants pay attention, avoid distractions, and take all study tasks seriously (even when they might seem silly).



 



Do you feel that you paid attention, avoided distractions, and took this survey seriously?",Score,Name1,Name2,Name3,Name4,Business1,Business2,Business3,Business4,Trains JC-Normal MC,Trains JC-Normal VAS,Trains JC-Abnormal MC,Trains JC-Abnormal VAS,Trains OD-Normal MC,Trains OD-Normal VAS,Trains OD-Abnormal MC,Trains OD-Abnormal VAS,Computer JC-Normal MC,Computer JC-Normal VAS,Computer JC-Abnormal MC,Computer JC-Abnormal VAS,Computer OD-Normal MC,Computer OD-Normal VAS,Computer OD-Abnormal MC,Computer OD-Abnormal VAS,Battery JC-Normal MC,Battery JC-Normal VAS,Battery JC-Abnormal MC,Battery JC-Abnormal VAS,Battery OD-Normal MC,Battery OD-Normal VAS,Battery OD-Abnormal MC,Battery OD-Abnormal VAS,Dice JC-Normal MC,Dice JC-Normal VAS,Dice JC-Abnormal MC,Dice JC-Abnormal VAS,Dice OD-Normal MC,Dice OD-Normal VAS,Dice OD-Abnormal MC,Dice OD-Abnormal VAS,Sprinkler JC-Normal MC,Sprinkler JC-Normal VAS,Sprinkler JC-Abnormal MC,Sprinkler JC-Abnormal VAS,Sprinkler OD-Normal MC,Sprinkler OD-Normal VAS,Sprinkler OD-Abnormal MC,Sprinkler OD-Abnormal VAS,Building JC-Normal MC,Building JC-Normal VAS,Building JC-Abnormal MC,Building JC-Abnormal VAS,Building OD-Normal MC,Building OD-Normal VAS,Building OD-Abnormal MC,Building OD-Abnormal VAS,Implosion JC-Action MC,Implosion JC-Action VAS,Implosion JC-Inaction MC,Implosion JC-Inaction VAS,Implosion OD-Action MC,Implosion OD-Action VAS,Implosion OD-Inaction MC,Implosion OD-Inaction VAS,Watch JC-Action MC,Watch JC-Action VAS,Watch JC-Inaction MC,Watch JC-Inaction VAS,Watch OD-Action MC,Watch OD-Action VAS,Watch OD-Inaction MC,Watch OD-Inaction VAS,Coffee JC-Action MC,Coffee JC-Action VAS,Coffee JC-Inaction MC,Coffee JC-Inaction VAS,Coffee OD-Action MC,Coffee OD-Action VAS,Coffee OD-Inaction MC,Coffee OD-Inaction VAS,RandomID,Q245 - Topics
"{""ImportId"":""startDate"",""timeZone"":""America/Denver""}","{""ImportId"":""endDate"",""timeZone"":""America/Denver""}","{""ImportId"":""status""}","{""ImportId"":""ipAddress""}","{""ImportId"":""progress""}","{""ImportId"":""duration""}","{""ImportId"":""finished""}","{""ImportId"":""recordedDate"",""timeZone"":""America/Denver""}","{""ImportId"":""_recordId""}","{""ImportId"":""recipientLastName""}","{""ImportId"":""recipientFirstName""}","{""ImportId"":""recipientEmail""}","{""ImportId"":""externalDataReference""}","{""ImportId"":""locationLatitude""}","{""ImportId"":""locationLongitude""}","{""ImportId"":""distributionChannel""}","{""ImportId"":""userLanguage""}","{""ImportId"":""QID4""}","{""ImportId"":""QID6_1""}","{""ImportId"":""QID8""}","{""ImportId"":""QID11_1""}","{""ImportId"":""QID1""}","{""ImportId"":""QID2_1""}","{""ImportId"":""QID18_1""}","{""ImportId"":""QID19_1""}","{""ImportId"":""QID26""}","{""ImportId"":""QID27_1""}","{""ImportId"":""QID29_1""}","{""ImportId"":""QID30_1""}","{""ImportId"":""QID38""}","{""ImportId"":""QID39_1""}","{""ImportId"":""QID41_1""}","{""ImportId"":""QID42_1""}","{""ImportId"":""QID50""}","{""ImportId"":""QID51_1""}","{""ImportId"":""QID53_1""}","{""ImportId"":""QID54_1""}","{""ImportId"":""QID62""}","{""ImportId"":""QID63_1""}","{""ImportId"":""QID65_1""}","{""ImportId"":""QID66_1""}","{""ImportId"":""QID74""}","{""ImportId"":""QID75_1""}","{""ImportId"":""QID77_1""}","{""ImportId"":""QID78_1""}","{""ImportId"":""QID86""}","{""ImportId"":""QID87_1""}","{""ImportId"":""QID89_1""}","{""ImportId"":""QID90_1""}","{""ImportId"":""QID98""}","{""ImportId"":""QID99_1""}","{""ImportId"":""QID107_1""}","{""ImportId"":""QID108_1""}","{""ImportId"":""QID110""}","{""ImportId"":""QID111_1""}","{""ImportId"":""QID113_1""}","{""ImportId"":""QID114_1""}","{""ImportId"":""QID116""}","{""ImportId"":""QID117_1""}","{""ImportId"":""QID119_1""}","{""ImportId"":""QID120_1""}","{""ImportId"":""QID122""}","{""ImportId"":""QID123_1""}","{""ImportId"":""QID125_1""}","{""ImportId"":""QID126_1""}","{""ImportId"":""QID128""}","{""ImportId"":""QID129_1""}","{""ImportId"":""QID131_1""}","{""ImportId"":""QID132_1""}","{""ImportId"":""QID134""}","{""ImportId"":""QID135_1""}","{""ImportId"":""QID139_1""}","{""ImportId"":""QID140_1""}","{""ImportId"":""QID146""}","{""ImportId"":""QID147_1""}","{""ImportId"":""QID151_1""}","{""ImportId"":""QID152_1""}","{""ImportId"":""QID156""}","{""ImportId"":""QID157_1""}","{""ImportId"":""QID161_1""}","{""ImportId"":""QID162_1""}","{""ImportId"":""QID166""}","{""ImportId"":""QID167_1""}","{""ImportId"":""QID171_1""}","{""ImportId"":""QID172_1""}","{""ImportId"":""QID176""}","{""ImportId"":""QID177_1""}","{""ImportId"":""QID181_1""}","{""ImportId"":""QID182_1""}","{""ImportId"":""QID184""}","{""ImportId"":""QID185_1""}","{""ImportId"":""QID187_1""}","{""ImportId"":""QID188_1""}","{""ImportId"":""QID190""}","{""ImportId"":""QID191_1""}","{""ImportId"":""QID193_1""}","{""ImportId"":""QID194_1""}","{""ImportId"":""QID196""}","{""ImportId"":""QID197_1""}","{""ImportId"":""QID199_1""}","{""ImportId"":""QID200_1""}","{""ImportId"":""QID202""}","{""ImportId"":""QID203_1""}","{""ImportId"":""QID205_1""}","{""ImportId"":""QID206_1""}","{""ImportId"":""QID208""}","{""ImportId"":""QID209_1""}","{""ImportId"":""QID211_1""}","{""ImportId"":""QID212_1""}","{""ImportId"":""QID214""}","{""ImportId"":""QID215_1""}","{""ImportId"":""QID217_1""}","{""ImportId"":""QID218_1""}","{""ImportId"":""QID220""}","{""ImportId"":""QID221_1""}","{""ImportId"":""QID223_1""}","{""ImportId"":""QID224_1""}","{""ImportId"":""QID226""}","{""ImportId"":""QID227_1""}","{""ImportId"":""QID229_1""}","{""ImportId"":""QID230_1""}","{""ImportId"":""QID236""}","{""ImportId"":""QID237_1""}","{""ImportId"":""QID239_1""}","{""ImportId"":""QID240_1""}","{""ImportId"":""QID242""}","{""ImportId"":""QID243_1""}","{""ImportId"":""QID248_1""}","{""ImportId"":""QID249_1""}","{""ImportId"":""QID245""}","{""ImportId"":""QID246_1""}","{""ImportId"":""QID251_1""}","{""ImportId"":""QID252_1""}","{""ImportId"":""QID254""}","{""ImportId"":""QID255_1""}","{""ImportId"":""QID257_1""}","{""ImportId"":""QID258_1""}","{""ImportId"":""QID263""}","{""ImportId"":""QID264_1""}","{""ImportId"":""QID260_1""}","{""ImportId"":""QID261_1""}","{""ImportId"":""QID266""}","{""ImportId"":""QID267_1""}","{""ImportId"":""QID269_1""}","{""ImportId"":""QID270_1""}","{""ImportId"":""QID272""}","{""ImportId"":""QID273_1""}","{""ImportId"":""QID275_1""}","{""ImportId"":""QID276_1""}","{""ImportId"":""QID278""}","{""ImportId"":""QID279_1""}","{""ImportId"":""QID281_1""}","{""ImportId"":""QID282_1""}","{""ImportId"":""QID284""}","{""ImportId"":""QID285_1""}","{""ImportId"":""QID287_1""}","{""ImportId"":""QID288_1""}","{""ImportId"":""QID290""}","{""ImportId"":""QID291_1""}","{""ImportId"":""QID293_1""}","{""ImportId"":""QID294_1""}","{""ImportId"":""QID296""}","{""ImportId"":""QID297_1""}","{""ImportId"":""QID299_1""}","{""ImportId"":""QID300_1""}","{""ImportId"":""QID232_TEXT""}","{""ImportId"":""QID233""}","{""ImportId"":""QID234""}","{""ImportId"":""SC_0wUE4zyGmmL0qbj""}","{""ImportId"":""Name1""}","{""ImportId"":""Name2""}","{""ImportId"":""Name3""}","{""ImportId"":""Name4""}","{""ImportId"":""Business1""}","{""ImportId"":""Business2""}","{""ImportId"":""Business3""}","{""ImportId"":""Business4""}","{""ImportId"":""Trains JC-Normal MC""}","{""ImportId"":""Trains JC-Normal VAS""}","{""ImportId"":""Trains JC-Abnormal MC""}","{""ImportId"":""Trains JC-Abnormal VAS""}","{""ImportId"":""Trains OD-Normal MC""}","{""ImportId"":""Trains OD-Normal VAS""}","{""ImportId"":""Trains OD-Abnormal MC""}","{""ImportId"":""Trains OD-Abnormal VAS""}","{""ImportId"":""Computer JC-Normal MC""}","{""ImportId"":""Computer JC-Normal VAS""}","{""ImportId"":""Computer JC-Abnormal MC""}","{""ImportId"":""Computer JC-Abnormal VAS""}","{""ImportId"":""Computer OD-Normal MC""}","{""ImportId"":""Computer OD-Normal VAS""}","{""ImportId"":""Computer OD-Abnormal MC""}","{""ImportId"":""Computer OD-Abnormal VAS""}","{""ImportId"":""Battery JC-Normal MC""}","{""ImportId"":""Battery JC-Normal VAS""}","{""ImportId"":""Battery JC-Abnormal MC""}","{""ImportId"":""Battery JC-Abnormal VAS""}","{""ImportId"":""Battery OD-Normal MC""}","{""ImportId"":""Battery OD-Normal VAS""}","{""ImportId"":""Battery OD-Abnormal MC""}","{""ImportId"":""Battery OD-Abnormal VAS""}","{""ImportId"":""Dice JC-Normal MC""}","{""ImportId"":""Dice JC-Normal VAS""}","{""ImportId"":""Dice JC-Abnormal MC""}","{""ImportId"":""Dice JC-Abnormal VAS""}","{""ImportId"":""Dice OD-Normal MC""}","{""ImportId"":""Dice OD-Normal VAS""}","{""ImportId"":""Dice OD-Abnormal MC""}","{""ImportId"":""Dice OD-Abnormal VAS""}","{""ImportId"":""Sprinkler JC-Normal MC""}","{""ImportId"":""Sprinkler JC-Normal VAS""}","{""ImportId"":""Sprinkler JC-Abnormal MC""}","{""ImportId"":""Sprinkler JC-Abnormal VAS""}","{""ImportId"":""Sprinkler OD-Normal MC""}","{""ImportId"":""Sprinkler OD-Normal VAS""}","{""ImportId"":""Sprinkler OD-Abnormal MC""}","{""ImportId"":""Sprinkler OD-Abnormal VAS""}","{""ImportId"":""Building JC-Normal MC""}","{""ImportId"":""Building JC-Normal VAS""}","{""ImportId"":""Building JC-Abnormal MC""}","{""ImportId"":""Building JC-Abnormal VAS""}","{""ImportId"":""Building OD-Normal MC""}","{""ImportId"":""Building OD-Normal VAS""}","{""ImportId"":""Building OD-Abnormal MC""}","{""ImportId"":""Building OD-Abnormal VAS""}","{""ImportId"":""Implosion JC-Action MC""}","{""ImportId"":""Implosion JC-Action VAS""}","{""ImportId"":""Implosion JC-Inaction MC""}","{""ImportId"":""Implosion JC-Inaction VAS""}","{""ImportId"":""Implosion OD-Action MC""}","{""ImportId"":""Implosion OD-Action VAS""}","{""ImportId"":""Implosion OD-Inaction MC""}","{""ImportId"":""Implosion OD-Inaction VAS""}","{""ImportId"":""Watch JC-Action MC""}","{""ImportId"":""Watch JC-Action VAS""}","{""ImportId"":""Watch JC-Inaction MC""}","{""ImportId"":""Watch JC-Inaction VAS""}","{""ImportId"":""Watch OD-Action MC""}","{""ImportId"":""Watch OD-Action VAS""}","{""ImportId"":""Watch OD-Inaction MC""}","{""ImportId"":""Watch OD-Inaction VAS""}","{""ImportId"":""Coffee JC-Action MC""}","{""ImportId"":""Coffee JC-Action VAS""}","{""ImportId"":""Coffee JC-Inaction MC""}","{""ImportId"":""Coffee JC-Inaction VAS""}","{""ImportId"":""Coffee OD-Action MC""}","{""ImportId"":""Coffee OD-Action VAS""}","{""ImportId"":""Coffee OD-Inaction MC""}","{""ImportId"":""Coffee OD-Inaction VAS""}","{""ImportId"":""RandomID""}","{""ImportId"":""QID232_TEXT_b08d3d2d45754cd68e40bd0eTopics""}"
9/20/19 13:56,9/20/19 14:04,IP Address,,100,468,TRUE,9/20/19 14:04,R_23ZBHqY9foO5DSl,,,,,,,anonymous,EN,I consent. Begin the study.,100,partially caused,0,,,,,,,,,,,,,did not cause,96,14,82,partially caused,68,63,79,,,,,,,,,,,,,,,,,partially caused,91,54,82,,,,,,,,,partially caused,100,82,100,,,,,,,,,,,,,,,,,,,,,did not cause,91,0,70,,,,,partially caused,90,55,100,,,,,,,,,,,,,,,,,,,,,,,,,did not cause,99,0,94,,,,,,,,,totally caused,100,100,100,,,,,,,,,,,,,,,,,did not cause,91,0,75,32,Female,Yes.,2434,Alex,Laurie,Billy,Suzy,tech startup,law firm,travel agency,graphic design studio,,,,,,,,TRUE,,TRUE,,,,,,,,,TRUE,,,,,,,TRUE,,,,,,,,,,,TRUE,,,,,TRUE,,,,,,,,,,,,,,TRUE,,,,,,TRUE,,,,,,,,,,TRUE,393745224,
9/20/19 13:57,9/20/19 14:05,IP Address,,100,488,TRUE,9/20/19 14:05,R_31nIXoxR8V9OiHs,,,,,,,anonymous,EN,I consent. Begin the study.,100,partially caused,0,,,,,,,,,,,,,partially caused,33,98,93,,,,,,,,,,,,,partially caused,69,61,76,partially caused,90,51,84,,,,,,,,,,,,,,,,,partially caused,82,71,73,,,,,,,,,,,,,,,,,partially caused,83,50,63,,,,,partially caused,93,50,82,,,,,,,,,,,,,,,,,did not cause,19,22,42,,,,,,,,,partially caused,71,92,76,,,,,,,,,,,,,,,,,did not cause,64,10,81,,,,,,,,,33,Male,Yes.,2286,Billy,Suzy,Alex,Laurie,travel agency,graphic design studio,tech startup,law firm,,,,,,,TRUE,,,,,,,,TRUE,,,TRUE,,,,,,,,,TRUE,,,,,,,,,,,TRUE,,,TRUE,,,,,,,,,,TRUE,,,,,,,TRUE,,,,,,,,,TRUE,,,,,,760743109,
9/20/19 13:56,9/20/19 14:06,IP Address,,100,563,TRUE,9/20/19 14:06,R_2S0GvOzCjrJQiSW,,,,,,,anonymous,EN,I consent. Begin the study.,100,partially caused,0,,,,,,,,,,,,,totally caused,100,100,100,partially caused,100,51,100,,,,,,,,,,,,,,,,,,,,,totally caused,100,100,100,,,,,,,,,partially caused,100,51,100,,,,,,,,,,,,,,,,,,,,,partially caused,100,51,100,,,,,,,,,totally caused,100,100,100,,,,,,,,,did not cause,100,50,100,,,,,,,,,totally caused,100,100,100,,,,,,,,,,,,,totally caused,100,100,100,,,,,,,,,,,,,38,Male,Yes.,3310,Alex,Laurie,Billy,Suzy,tech startup,law firm,travel agency,graphic design studio,,,,,,,TRUE,,,TRUE,,,,,,,,,,,,TRUE,,,,,TRUE,,,,,,,,,,,,TRUE,,,,,,,TRUE,,,,,,TRUE,,,,,,TRUE,,,,,,,,TRUE,,,,,,,222640983,
9/20/19 13:58,9/20/19 14:06,IP Address,,100,504,TRUE,9/20/19 14:06,R_3QFCDZM3olhMoZk,,,,,,,anonymous,EN,I consent. Begin the study.,100,partially caused,0,partially caused,100,54,100,,,,,,,,,,,,,,,,,,,,,did not cause,20,12,24,,,,,,,,,,,,,,,,,did not cause,32,11,37,,,,,,,,,,,,,did not cause,28,0,75,partially caused,82,57,91,,,,,,,,,,,,,partially caused,100,58,100,,,,,,,,,,,,,totally caused,89,100,100,,,,,,,,,,,,,,,,,,,,,,,,,did not cause,100,0,89,,,,,,,,,did not cause,100,0,85,,,,,44,Male,Yes.,2051,Billy,Suzy,Alex,Laurie,travel agency,graphic design studio,tech startup,law firm,TRUE,,,,,,,,,,,,TRUE,,,,,,,,,,TRUE,,,,,,,,TRUE,,,TRUE,,,,,,,,TRUE,,,,,,,TRUE,,,,,,,,,,,,,,,TRUE,,,,,,TRUE,,,408592678,
9/20/19 13:58,9/20/19 14:07,IP Address,,100,590,TRUE,9/20/19 14:07,R_3oBKl787bqT76w6,,,,,,,anonymous,EN,I consent. Begin the study.,100,partially caused,0,partially caused,100,82,65,,,,,,,,,,,,,,,,,,,,,totally caused,98,100,92,,,,,partially caused,100,90,95,,,,,,,,,,,,,partially caused,100,66,100,,,,,,,,,,,,,,,,,,,,,,,,,partially caused,95,11,83,,,,,,,,,totally caused,37,89,90,,,,,,,,,partially caused,77,27,57,,,,,,,,,,,,,,,,,,,,,did not cause,100,0,81,,,,,,,,,did not cause,100,0,100,,,,,39,Male,Yes.,2642,Billy,Suzy,Alex,Laurie,travel agency,graphic design studio,tech startup,law firm,,TRUE,,,,,,,,,,,,TRUE,,,TRUE,,,,,,,,TRUE,,,,,,,,,,,,,,,TRUE,,,,,TRUE,,,,,,,TRUE,,,,,,,,,,,,TRUE,,,,,,TRUE,,,635426604,
9/20/19 13:56,9/20/19 14:08,IP Address,,100,710,TRUE,9/20/19 14:08,R_z85UpPM75lX8arv,,,,,,,anonymous,EN,I consent. Begin the study.,100,partially caused,0,,,,,,,,,partially caused,100,51,100,,,,,,,,,,,,,,,,,totally caused,95,87,83,,,,,totally caused,78,100,97,,,,,,,,,,,,,,,,,totally caused,100,100,90,,,,,,,,,totally caused,88,0,100,,,,,,,,,,,,,totally caused,99,51,28,,,,,,,,,,,,,,,,,,,,,totally caused,100,100,100,,,,,totally caused,100,100,100,,,,,,,,,,,,,totally caused,44,99,95,,,,,,,,,53,Male,Yes.,3292,Alex,Laurie,Billy,Suzy,tech startup,law firm,travel agency,graphic design studio,,,,,,TRUE,,,,,,,,,,TRUE,,,,TRUE,,,,,,,,,,TRUE,,,,,,TRUE,,,,,,,,TRUE,,,,,,,,,,,TRUE,,,,TRUE,,,,,,,,,TRUE,,,,,577565037,
9/20/19 13:56,9/20/19 14:08,IP Address,,100,707,TRUE,9/20/19 14:08,R_3KNolVQ84pwfPzd,,,,,,,anonymous,EN,I consent. Begin the study.,100,partially caused,0,partially caused,100,94,96,,,,,,,,,,,,,,,,,,,,,totally caused,73,59,95,,,,,,,,,,,,,,,,,partially caused,33,8,92,,,,,partially caused,100,93,100,,,,,,,,,partially caused,100,87,63,,,,,,,,,,,,,,,,,,,,,,,,,partially caused,80,62,41,totally caused,70,99,93,,,,,,,,,,,,,,,,,,,,,,,,,totally caused,58,99,93,partially caused,79,100,100,,,,,,,,,,,,,26,Male,Yes.,2924,Billy,Suzy,Alex,Laurie,travel agency,graphic design studio,tech startup,law firm,TRUE,,,,,,,,,,,,TRUE,,,,,,,,,,,TRUE,,,,TRUE,,,,,,TRUE,,,,,,,,,,,,,TRUE,,,TRUE,,,,,,,,,,,,,TRUE,,,TRUE,,,,,,,552768017,
9/20/19 13:58,9/20/19 14:08,IP Address,,100,628,TRUE,9/20/19 14:08,R_2rpRuR5Pk3wyeaM,,,,,,,anonymous,EN,I consent. Begin the study.,100,partially caused,0,,,,,,,,,partially caused,100,48,12,,,,,,,,,totally caused,80,75,22,,,,,,,,,partially caused,100,59,82,,,,,,,,,,,,,did not cause,77,52,100,,,,,,,,,,,,,,,,,totally caused,89,86,16,,,,,,,,,,,,,partially caused,41,73,14,,,,,,,,,,,,,,,,,totally caused,100,100,83,,,,,,,,,did not cause,85,28,10,,,,,,,,,,,,,,,,,,,,,did not cause,100,4,83,35,Male,Yes.,2326,Alex,Laurie,Billy,Suzy,tech startup,law firm,travel agency,graphic design studio,,,,,TRUE,,,,,,,TRUE,,,,,TRUE,,,,,,,,,TRUE,,,,,,,,,TRUE,,,,,,,,TRUE,,,,,,,,,,TRUE,,,,,,,TRUE,,,,,,,,,,,TRUE,,508506282,
9/20/19 13:56,9/20/19 14:08,IP Address,,100,729,TRUE,9/20/19 14:08,R_31sV54t89PPf1qt,,,,,,,anonymous,EN,I consent. Begin the study.,100,partially caused,0,,,,,partially caused,95,95,78,,,,,,,,,,,,,,,,,did not cause,25,34,71,,,,,,,,,partially caused,95,70,80,,,,,,,,,,,,,,,,,did not cause,70,15,69,,,,,partially caused,98,61,91,,,,,,,,,,,,,,,,,,,,,,,,,did not cause,72,55,21,,,,,,,,,,,,,did not cause,89,8,95,,,,,,,,,,,,,did not cause,98,8,97,,,,,partially caused,97,76,87,,,,,,,,,46,Female,Yes.,2208,Billy,Suzy,Alex,Laurie,travel agency,graphic design studio,tech startup,law firm,,,,TRUE,,,,,,,,,,TRUE,,,,,TRUE,,,,,,,,,,TRUE,,,,,TRUE,,,,,,,,,,,,,,TRUE,,,,,,,TRUE,,,,,,,,TRUE,,,,TRUE,,,,,,194266815,
9/20/19 13:59,9/20/19 14:08,IP Address,,100,572,TRUE,9/20/19 14:08,R_3KPXWDSQW7fQsaV,,,,,,,anonymous,EN,I consent. Begin the study.,100,partially caused,0,,,,,totally caused,100,100,100,,,,,,,,,,,,,,,,,,,,,totally caused,100,100,100,,,,,,,,,partially caused,71,51,100,,,,,,,,,,,,,,,,,partially caused,66,49,80,,,,,,,,,,,,,did not cause,78,47,100,,,,,,,,,partially caused,85,76,89,,,,,,,,,,,,,did not cause,92,0,100,,,,,,,,,,,,,did not cause,80,0,81,,,,,totally caused,100,100,100,,,,,,,,,,,,,22,Male,Yes.,2752,Alex,Laurie,Billy,Suzy,tech startup,law firm,travel agency,graphic design studio,,,TRUE,,,,,,,,,,,,,TRUE,,,,,TRUE,,,,,,,,,,,TRUE,,,,,,,,TRUE,,,,,TRUE,,,,,,,,,TRUE,,,,,,,TRUE,,,,TRUE,,,,,,,,647582546,
9/20/19 14:03,9/20/19 14:10,IP Address,,100,438,TRUE,9/20/19 14:10,R_DqVghReOt7sl3Zn,,,,,,,anonymous,EN,I consent. Begin the study.,100,partially caused,0,,,,,partially caused,100,86,100,,,,,,,,,,,,,,,,,partially caused,85,50,79,,,,,,,,,,,,,,,,,did not cause,40,8,60,,,,,,,,,,,,,did not cause,100,0,100,,,,,,,,,,,,,partially caused,100,66,100,,,,,totally caused,100,100,100,,,,,,,,,,,,,,,,,totally caused,100,100,100,,,,,totally caused,100,100,100,,,,,,,,,,,,,,,,,,,,,,,,,partially caused,100,31,80,36,Female,Yes.,2843,Alex,Laurie,Billy,Suzy,tech startup,law firm,travel agency,graphic design studio,,,,TRUE,,,,,,,,,,TRUE,,,,,,,,,,TRUE,,,,,,,,TRUE,,,,,,,TRUE,,,,TRUE,,,,,,,,,,TRUE,,,,,TRUE,,,,,,,,,,,,,,TRUE,263642462,
9/20/19 14:00,9/20/19 14:11,IP Address,,100,694,TRUE,9/20/19 14:11,R_2Y35CSKQExjp62p,,,,,,,anonymous,EN,I consent. Begin the study.,100,partially caused,0,,,,,,,,,partially caused,60,76,67,,,,,did not cause,70,80,70,,,,,,,,,,,,,,,,,partially caused,60,63,59,,,,,,,,,,,,,partially caused,70,36,47,,,,,,,,,,,,,,,,,did not cause,79,72,59,,,,,partially caused,38,69,84,,,,,,,,,,,,,,,,,did not cause,39,31,71,,,,,,,,,,,,,totally caused,64,73,65,,,,,,,,,,,,,,,,,,,,,did not cause,37,38,58,33,Male,Yes.,2092,Billy,Suzy,Alex,Laurie,travel agency,graphic design studio,tech startup,law firm,,,,,,TRUE,,,TRUE,,,,,,,,,,,TRUE,,,,,,,,TRUE,,,,,,,,,TRUE,,,,TRUE,,,,,,,,,,TRUE,,,,,,,,TRUE,,,,,,,,,,,,,TRUE,746641155,
9/20/19 13:58,9/20/19 14:12,IP Address,,100,827,TRUE,9/20/19 14:12,R_1BSr9L9kHgURocB,,,,,,,anonymous,EN,I consent. Begin the study.,100,partially caused,0,partially caused,96,77,94,,,,,,,,,,,,,,,,,,,,,,,,,partially caused,89,78,95,partially caused,93,82,96,,,,,,,,,,,,,,,,,,,,,partially caused,95,100,99,,,,,,,,,,,,,did not cause,96,21,99,,,,,,,,,,,,,,,,,partially caused,97,81,97,totally caused,97,100,100,,,,,,,,,,,,,,,,,,,,,did not cause,91,24,93,,,,,,,,,,,,,did not cause,94,22,97,,,,,54,Male,"No, something else affected my participation negatively.",2809,Billy,Suzy,Alex,Laurie,travel agency,graphic design studio,tech startup,law firm,,TRUE,,,,,,,,,,,,,TRUE,,,TRUE,,,,,,,,,,,,TRUE,,,,,,,,TRUE,,,,,,,,,TRUE,,,TRUE,,,,,,,,,,,,TRUE,,,,,,,TRUE,,,,770314728,
9/20/19 13:57,9/20/19 14:14,IP Address,,100,1000,TRUE,9/20/19 14:14,R_xi2xLS8PjaDfjtn,,,,,,,anonymous,EN,I consent. Begin the study.,100,partially caused,0,,,,,,,,,did not cause,100,0,100,,,,,,,,,totally caused,99,100,100,,,,,,,,,,,,,,,,,,,,,did not cause,100,5,100,,,,,,,,,partially caused,50,96,96,,,,,,,,,totally caused,100,100,100,,,,,,,,,,,,,partially caused,80,96,96,,,,,,,,,,,,,,,,,totally caused,100,100,100,,,,,,,,,partially caused,74,59,92,,,,,,,,,,,,,,,,,,,,,partially caused,100,79,99,60,Female,Yes.,2979,Alex,Laurie,Billy,Suzy,tech startup,law firm,travel agency,graphic design studio,,,,,TRUE,,,,,,,TRUE,,,,,,,,,,,TRUE,,,,,,TRUE,,,,,,TRUE,,,,,,,,TRUE,,,,,,,,,,TRUE,,,,,,,TRUE,,,,,,,,,,,TRUE,,718177348,
9/20/19 14:09,9/20/19 14:15,IP Address,,100,319,TRUE,9/20/19 14:15,R_2dnHOog5EVvihjl,,,,,,,anonymous,EN,I consent. Begin the study.,100,partially caused,0,,,,,,,,,did not cause,100,74,50,,,,,,,,,totally caused,100,100,100,,,,,,,,,partially caused,100,78,80,,,,,,,,,,,,,totally caused,100,78,100,,,,,,,,,,,,,partially caused,100,78,100,,,,,,,,,,,,,,,,,,,,,,,,,did not cause,100,100,100,,,,,,,,,,,,,partially caused,100,100,100,totally caused,100,100,100,,,,,,,,,,,,,,,,,,,,,,,,,did not cause,100,0,100,31,Female,Yes.,3046,Billy,Suzy,Alex,Laurie,travel agency,graphic design studio,tech startup,law firm,,,,,,TRUE,,,,,,TRUE,,,,,TRUE,,,,,,,,TRUE,,,,,,,,TRUE,,,,,,,,,,,,,,,TRUE,,,,,,,TRUE,,TRUE,,,,,,,,,,,,,,TRUE,,794062945,
9/20/19 14:00,9/20/19 14:15,IP Address,,100,869,TRUE,9/20/19 14:15,R_9KYeAFLkZs5UVxL,,,,,,,anonymous,EN,I consent. Begin the study.,100,partially caused,0,,,,,,,,,,,,,partially caused,97,100,100,,,,,,,,,,,,,totally caused,100,89,83,,,,,partially caused,99,60,100,,,,,,,,,,,,,partially caused,100,91,100,,,,,,,,,partially caused,100,57,88,,,,,,,,,,,,,,,,,,,,,partially caused,94,82,96,,,,,,,,,,,,,,,,,partially caused,89,13,100,,,,,,,,,partially caused,80,0,92,,,,,totally caused,100,100,100,,,,,,,,,,,,,37,Female,Yes.,3018,Billy,Suzy,Alex,Laurie,travel agency,graphic design studio,tech startup,law firm,,,,,,,TRUE,,,,,,,,,TRUE,,,,TRUE,,,,,,,TRUE,,,,,,TRUE,,,,,,,,,,,,TRUE,,,,,,,,,,,TRUE,,,,,TRUE,,,,,TRUE,,,,,,,548781551,
9/20/19 14:06,9/20/19 14:17,IP Address,,100,664,TRUE,9/20/19 14:17,R_smMFUigCd9jGaGd,,,,,,,anonymous,EN,I consent. Begin the study.,100,partially caused,0,did not cause,68,59,37,,,,,,,,,,,,,,,,,totally caused,79,79,87,,,,,,,,,,,,,,,,,partially caused,73,29,63,,,,,,,,,,,,,totally caused,100,100,100,,,,,,,,,,,,,did not cause,84,13,83,,,,,,,,,,,,,,,,,partially caused,42,8,90,,,,,did not cause,95,17,40,,,,,,,,,,,,,,,,,,,,,did not cause,79,13,57,,,,,did not cause,87,88,75,,,,,,,,,62,Female,Yes.,2203,Billy,Suzy,Alex,Laurie,travel agency,graphic design studio,tech startup,law firm,TRUE,,,,,,,,,,TRUE,,,,,,,,,,,TRUE,,,,,,,,TRUE,,,,,,,,TRUE,,,,,,,,,TRUE,,,,TRUE,,,,,,,,,,,,TRUE,,,,TRUE,,,,,,612987074,
9/20/19 14:06,9/20/19 14:18,IP Address,,100,752,TRUE,9/20/19 14:18,R_eS55uCJbdxttazT,,,,,,,anonymous,EN,I consent. Begin the study.,100,partially caused,0,,,,,,,,,partially caused,65,52,85,,,,,partially caused,87,49,83,,,,,,,,,,,,,partially caused,81,51,90,,,,,,,,,,,,,partially caused,78,51,97,,,,,,,,,,,,,,,,,partially caused,83,56,74,,,,,,,,,partially caused,81,51,98,,,,,,,,,,,,,totally caused,100,100,94,,,,,,,,,,,,,,,,,did not cause,100,0,91,,,,,,,,,,,,,,,,,did not cause,89,0,91,,,,,24,Male,Yes.,2534,Alex,Laurie,Billy,Suzy,tech startup,law firm,travel agency,graphic design studio,,,,,TRUE,,,,TRUE,,,,,,,,,TRUE,,,,,,,,TRUE,,,,,,,,,,TRUE,,,,,,TRUE,,,,,,,TRUE,,,,,,,,,,TRUE,,,,,,,,,,,TRUE,,,357296158,
9/20/19 14:13,9/20/19 14:22,IP Address,,100,513,TRUE,9/20/19 14:22,R_22mjho5QpN2CA8X,,,,,,,anonymous,EN,I consent. Begin the study.,100,partially caused,0,,,,,totally caused,100,100,100,,,,,,,,,,,,,,,,,partially caused,78,0,100,,,,,,,,,,,,,totally caused,100,88,79,,,,,,,,,partially caused,55,69,23,,,,,,,,,,,,,totally caused,77,91,88,,,,,,,,,partially caused,93,62,74,,,,,,,,,,,,,totally caused,100,100,100,,,,,,,,,,,,,totally caused,100,100,100,,,,,,,,,,,,,,,,,,,,,did not cause,100,100,100,,,,,38,Male,Yes.,3084,Billy,Suzy,Alex,Laurie,travel agency,graphic design studio,tech startup,law firm,,,TRUE,,,,,,,,,,,TRUE,,,,,,,TRUE,,,,,,TRUE,,,,,,,,TRUE,,,,,,,TRUE,,,,,,,TRUE,,,,,,,,,TRUE,,,,,,,,,,,TRUE,,,,821900053,
9/20/19 14:14,9/20/19 14:22,IP Address,,100,487,TRUE,9/20/19 14:22,R_2ZZEAgcne68oADZ,,,,,,,anonymous,EN,I consent. Begin the study.,100,partially caused,0,,,,,,,,,,,,,partially caused,91,90,98,,,,,,,,,,,,,totally caused,95,93,94,,,,,partially caused,86,52,93,,,,,,,,,,,,,,,,,totally caused,97,89,86,,,,,,,,,,,,,,,,,partially caused,90,46,88,,,,,,,,,partially caused,99,54,91,,,,,,,,,,,,,,,,,totally caused,94,92,93,,,,,,,,,totally caused,95,94,90,,,,,,,,,,,,,,,,,totally caused,86,94,93,27,Male,Yes.,3220,Alex,Laurie,Billy,Suzy,tech startup,law firm,travel agency,graphic design studio,,,,,,,TRUE,,,,,,,,TRUE,,,,TRUE,,,,,,,,,,,TRUE,,,,,,,,,TRUE,,,,,,TRUE,,,,,,,,,,,TRUE,,,,,,TRUE,,,,,,,,,,TRUE,572427308,
9/20/19 14:14,9/20/19 14:23,IP Address,,100,556,TRUE,9/20/19 14:23,R_esthSXdFF2HrSdb,,,,,,,anonymous,EN,I consent. Begin the study.,100,partially caused,0,partially caused,100,66,70,,,,,,,,,,,,,partially caused,100,63,61,,,,,,,,,,,,,partially caused,100,69,66,,,,,,,,,,,,,partially caused,85,58,79,,,,,,,,,,,,,partially caused,82,71,81,,,,,,,,,,,,,,,,,,,,,,,,,partially caused,100,58,64,,,,,did not cause,65,43,64,,,,,,,,,,,,,,,,,,,,,did not cause,57,25,65,,,,,partially caused,74,43,61,,,,,,,,,34,Female,Yes.,2378,Billy,Suzy,Alex,Laurie,travel agency,graphic design studio,tech startup,law firm,TRUE,,,,,,,,TRUE,,,,,,,,TRUE,,,,,,,,,TRUE,,,,,,,TRUE,,,,,,,,,,,,,,,TRUE,,,TRUE,,,,,,,,,,,,,TRUE,,,TRUE,,,,,,321427839,
9/20/19 13:58,9/20/19 14:24,IP Address,,100,1530,TRUE,9/20/19 14:24,R_1BWxSdzvGPUebP1,,,,,,,anonymous,EN,I consent. Begin the study.,100,partially caused,0,,,,,,,,,,,,,did not cause,100,0,100,,,,,totally caused,100,100,100,,,,,,,,,,,,,,,,,,,,,partially caused,76,49,91,partially caused,100,53,100,,,,,,,,,,,,,,,,,totally caused,100,100,100,,,,,,,,,,,,,partially caused,91,49,100,,,,,,,,,,,,,,,,,,,,,did not cause,93,0,100,totally caused,100,100,100,,,,,,,,,,,,,,,,,totally caused,100,100,100,,,,,,,,,30,Male,Yes.,3009,Alex,Laurie,Billy,Suzy,tech startup,law firm,travel agency,graphic design studio,,,,,,,,TRUE,,,TRUE,,,,,,,,,,,,,TRUE,TRUE,,,,,,,,,,,TRUE,,,,,,,,TRUE,,,,,,,,,,,,TRUE,TRUE,,,,,,,,,,,TRUE,,,,,434537197,
9/20/19 14:13,9/20/19 14:25,IP Address,,100,767,TRUE,9/20/19 14:25,R_1et958wUnPQEvFP,,,,,,,anonymous,EN,I consent. Begin the study.,100,partially caused,0,partially caused,100,51,100,,,,,,,,,,,,,,,,,,,,,partially caused,100,50,100,,,,,,,,,partially caused,100,100,100,,,,,,,,,,,,,totally caused,100,100,100,,,,,,,,,,,,,,,,,partially caused,100,49,100,,,,,,,,,totally caused,100,100,100,,,,,,,,,totally caused,100,100,100,,,,,,,,,,,,,,,,,,,,,,,,,totally caused,100,50,100,,,,,,,,,did not cause,100,0,100,,,,,29,Male,Yes.,3157,Billy,Suzy,Alex,Laurie,travel agency,graphic design studio,tech startup,law firm,,TRUE,,,,,,,,,,,TRUE,,,,,,TRUE,,,,,,,,,TRUE,,,,,,,,,TRUE,,,,,,,TRUE,,,,,,TRUE,,,,,,,,,,,,,,TRUE,,,,,TRUE,,,,446271634,
9/20/19 14:05,9/20/19 14:26,IP Address,,100,1233,TRUE,9/20/19 14:26,R_7R7ge6vSLkam8Fz,,,,,,,anonymous,EN,I consent. Begin the study.,100,partially caused,0,,,,,partially caused,58,82,91,,,,,,,,,,,,,,,,,,,,,totally caused,71,41,62,,,,,,,,,,,,,did not cause,55,50,44,,,,,,,,,,,,,partially caused,89,74,96,,,,,partially caused,57,30,53,,,,,,,,,partially caused,70,66,48,,,,,,,,,,,,,,,,,totally caused,86,63,83,,,,,,,,,,,,,,,,,partially caused,59,61,44,,,,,,,,,partially caused,73,43,55,,,,,,,,,50,Female,Yes.,2362,Alex,Laurie,Billy,Suzy,tech startup,law firm,travel agency,graphic design studio,,,TRUE,,,,,,,,,,,,TRUE,,,,,,,,TRUE,,,,,,,,TRUE,,,,TRUE,,,,,,TRUE,,,,,,,,,,,TRUE,,,,,,,,,,TRUE,,,,,,TRUE,,,,,345754483,
9/20/19 14:17,9/20/19 14:26,IP Address,,100,560,TRUE,9/20/19 14:26,R_1mscusRmOhNPoiv,,,,,,,anonymous,EN,I consent. Begin the study.,100,partially caused,0,,,,,,,,,,,,,partially caused,87,88,100,,,,,,,,,totally caused,91,100,99,,,,,,,,,,,,,,,,,did not cause,78,27,25,,,,,,,,,,,,,partially caused,100,51,99,partially caused,91,47,78,,,,,,,,,,,,,,,,,totally caused,98,51,98,,,,,,,,,totally caused,100,98,84,,,,,,,,,,,,,totally caused,97,98,99,,,,,,,,,,,,,,,,,partially caused,38,69,33,,,,,,,,,54,Male,Yes.,2881,Alex,Laurie,Billy,Suzy,tech startup,law firm,travel agency,graphic design studio,,,,,,,,TRUE,,,,,TRUE,,,,,,,,,,,TRUE,,,,,,,TRUE,,,TRUE,,,,,,,,,,TRUE,,,,,,TRUE,,,,,,,TRUE,,,,,,,,,,,TRUE,,,,,222232163,
9/20/19 14:21,9/20/19 14:27,IP Address,,100,371,TRUE,9/20/19 14:27,R_2EuX5bWtk9s1Wsc,,,,,,,anonymous,EN,I consent. Begin the study.,100,partially caused,0,,,,,partially caused,82,50,90,,,,,,,,,,,,,partially caused,93,51,90,,,,,,,,,,,,,,,,,partially caused,83,51,51,,,,,,,,,totally caused,100,100,100,,,,,,,,,,,,,,,,,,,,,partially caused,88,77,76,,,,,,,,,,,,,partially caused,100,51,86,,,,,,,,,totally caused,100,100,100,,,,,,,,,,,,,,,,,did not cause,51,0,100,,,,,,,,,totally caused,100,100,100,,,,,47,Male,Yes.,2877,Billy,Suzy,Alex,Laurie,travel agency,graphic design studio,tech startup,law firm,,,,TRUE,,,,,,,TRUE,,,,,,,,,,,TRUE,,,,,,TRUE,,,,,,,,,,,,TRUE,,,,,,,TRUE,,,,,,TRUE,,,,,,,,,,TRUE,,,,,,,TRUE,,,135355437,
9/20/19 14:17,9/20/19 14:27,IP Address,,100,630,TRUE,9/20/19 14:27,R_2QnDkiVxkcvAqNo,,,,,,,anonymous,EN,I consent. Begin the study.,100,partially caused,0,,,,,,,,,totally caused,80,100,100,,,,,,,,,totally caused,90,100,100,,,,,,,,,,,,,,,,,,,,,did not cause,38,20,65,,,,,,,,,,,,,totally caused,82,90,75,,,,,,,,,partially caused,91,88,71,,,,,,,,,did not cause,39,26,81,,,,,,,,,,,,,,,,,totally caused,46,67,70,,,,,,,,,partially caused,82,75,85,,,,,,,,,did not cause,71,7,83,,,,,,,,,,,,,35,Male,Yes.,2579,Alex,Laurie,Billy,Suzy,tech startup,law firm,travel agency,graphic design studio,,,,,,TRUE,,,,,,TRUE,,,,,,,,,,,TRUE,,,,,,,,,TRUE,,,,,,TRUE,,,,,TRUE,,,,,,,,,,,TRUE,,,,,TRUE,,,,,,TRUE,,,,,,,,322971352,
9/20/19 14:21,9/20/19 14:28,IP Address,,100,445,TRUE,9/20/19 14:28,R_11hceqCFiZ3k8Gs,,,,,,,anonymous,EN,I consent. Begin the study.,100,partially caused,0,,,,,,,,,did not cause,100,0,23,,,,,partially caused,100,78,67,,,,,,,,,,,,,partially caused,94,62,85,,,,,,,,,,,,,partially caused,100,45,100,,,,,,,,,,,,,,,,,,,,,partially caused,100,31,72,,,,,,,,,,,,,partially caused,100,64,87,,,,,,,,,,,,,,,,,did not cause,100,36,95,,,,,totally caused,100,83,100,,,,,,,,,,,,,,,,,,,,,partially caused,100,27,79,35,Male,Yes.,2585,Alex,Laurie,Billy,Suzy,tech startup,law firm,travel agency,graphic design studio,,,,,TRUE,,,,,TRUE,,,,,,,,TRUE,,,,,,,TRUE,,,,,,,,,,,,TRUE,,,,,,,,,TRUE,,,,,,,,,TRUE,,,,,TRUE,,,,,,,,,,,TRUE,,411473607,
9/20/19 14:27,9/20/19 14:30,IP Address,,100,180,TRUE,9/20/19 14:30,R_XAkRBxS2YZ8cO0p,,,,,,,anonymous,EN,I consent. Begin the study.,100,partially caused,0,,,,,did not cause,61,68,13,,,,,,,,,partially caused,77,76,38,,,,,,,,,,,,,,,,,,,,,partially caused,70,39,69,,,,,totally caused,63,73,44,,,,,,,,,,,,,,,,,,,,,,,,,partially caused,64,27,57,,,,,,,,,partially caused,72,36,27,,,,,partially caused,86,73,57,,,,,,,,,,,,,totally caused,100,80,46,,,,,,,,,,,,,,,,,,,,,totally caused,100,78,88,,,,,23,Male,Yes.,2389,Billy,Suzy,Alex,Laurie,travel agency,graphic design studio,tech startup,law firm,,,TRUE,,,,,,TRUE,,,,,,,,,,,,,TRUE,,,TRUE,,,,,,,,,,,,,,TRUE,,,,,,,TRUE,,,,TRUE,,,,,,,,TRUE,,,,,,,,,,,TRUE,,,,955948898,
9/20/19 14:22,9/20/19 14:30,IP Address,,100,515,TRUE,9/20/19 14:30,R_2DYdv4L9VyA90U5,,,,,,,anonymous,EN,I consent. Begin the study.,100,partially caused,0,,,,,totally caused,91,92,92,,,,,,,,,,,,,,,,,partially caused,96,46,79,,,,,,,,,,,,,,,,,partially caused,60,48,60,totally caused,90,67,61,,,,,,,,,,,,,,,,,,,,,,,,,did not cause,64,57,56,,,,,totally caused,85,97,94,,,,,,,,,,,,,,,,,totally caused,91,100,85,,,,,totally caused,100,100,100,,,,,,,,,,,,,,,,,,,,,,,,,partially caused,76,43,57,46,Female,Yes.,2895,Billy,Suzy,Alex,Laurie,travel agency,graphic design studio,tech startup,law firm,,,,TRUE,,,,,,,,,TRUE,,,,,,,,,,TRUE,,,TRUE,,,,,,,,,,,,,,TRUE,,,TRUE,,,,,,,,,,TRUE,,,,TRUE,,,,,,,,,,,,,,TRUE,,533679756,
9/20/19 13:58,9/20/19 14:30,IP Address,,100,1956,TRUE,9/20/19 14:30,R_OoGnUcyaHYAGFr3,,,,,,,anonymous,EN,I consent. Begin the study.,100,partially caused,0,,,,,partially caused,23,36,72,,,,,,,,,partially caused,21,82,60,,,,,,,,,,,,,,,,,,,,,totally caused,81,71,62,,,,,,,,,,,,,,,,,partially caused,29,72,33,partially caused,79,32,17,,,,,,,,,,,,,,,,,,,,,,,,,partially caused,22,72,64,did not cause,25,84,73,,,,,,,,,,,,,,,,,,,,,totally caused,78,82,79,,,,,partially caused,68,71,69,,,,,,,,,,,,,29,Male,Yes.,2214,Alex,Laurie,Billy,Suzy,tech startup,law firm,travel agency,graphic design studio,,,,TRUE,,,,,TRUE,,,,,,,,,,,,TRUE,,,,,,,,,,,TRUE,TRUE,,,,,,,,,,,,,,,TRUE,TRUE,,,,,,,,,,,,TRUE,,,,TRUE,,,,,,,,359680294,
9/20/19 14:25,9/20/19 14:32,IP Address,,100,430,TRUE,9/20/19 14:32,R_diNncywgDqw28bD,,,,,,,anonymous,EN,I consent. Begin the study.,100,partially caused,0,,,,,,,,,partially caused,100,75,100,,,,,,,,,totally caused,100,100,100,,,,,,,,,partially caused,100,73,100,,,,,,,,,,,,,,,,,,,,,totally caused,100,100,100,,,,,,,,,,,,,partially caused,73,100,100,,,,,,,,,,,,,,,,,partially caused,100,51,100,,,,,totally caused,100,100,100,,,,,,,,,,,,,totally caused,100,100,100,,,,,,,,,totally caused,100,100,100,,,,,,,,,,,,,39,Male,Yes.,3429,Billy,Suzy,Alex,Laurie,travel agency,graphic design studio,tech startup,law firm,,,,,,TRUE,,,,,TRUE,,,,,,TRUE,,,,,,,,,,,,,TRUE,,,,,,,TRUE,,,,,,,,,,TRUE,,,,,TRUE,,,,,,,TRUE,,,,,,,TRUE,,,,,,,388777816,
9/20/19 14:27,9/20/19 14:35,IP Address,,100,452,TRUE,9/20/19 14:35,R_6E7cjWKDTkbkzVT,,,,,,,anonymous,EN,I consent. Begin the study.,100,partially caused,0,partially caused,51,0,100,,,,,,,,,,,,,,,,,,,,,partially caused,58,50,100,,,,,partially caused,100,51,100,,,,,,,,,,,,,,,,,,,,,partially caused,100,51,100,,,,,partially caused,51,49,51,,,,,,,,,,,,,,,,,,,,,,,,,partially caused,78,100,99,,,,,,,,,totally caused,100,100,100,,,,,,,,,,,,,totally caused,99,100,100,,,,,,,,,did not cause,51,0,100,,,,,,,,,55,Male,Yes.,2696,Billy,Suzy,Alex,Laurie,travel agency,graphic design studio,tech startup,law firm,,TRUE,,,,,,,,,,,,TRUE,,,,TRUE,,,,,,,,,,,TRUE,,,,,TRUE,,,,,,,,,,,,,,TRUE,,,,,,TRUE,,,,,,,,TRUE,,,,,,TRUE,,,,,278418787,
9/20/19 13:57,9/20/19 14:35,IP Address,,100,2268,TRUE,9/20/19 14:35,R_32M8PuefcXlff1M,,,,,,,anonymous,EN,I consent. Begin the study.,100,partially caused,0,,,,,,,,,,,,,totally caused,100,100,100,partially caused,86,52,50,,,,,,,,,,,,,,,,,,,,,totally caused,100,54,95,,,,,,,,,,,,,totally caused,100,59,95,,,,,,,,,,,,,,,,,partially caused,92,100,100,,,,,,,,,partially caused,48,100,100,,,,,,,,,,,,,totally caused,92,100,100,,,,,,,,,totally caused,100,100,100,,,,,,,,,totally caused,100,100,99,,,,,,,,,,,,,42,Male,Yes.,3329,Alex,Laurie,Billy,Suzy,tech startup,law firm,travel agency,graphic design studio,,,,,,,,TRUE,,TRUE,,,,,,,,,,,TRUE,,,,,,,,TRUE,,,,,,,,,,,TRUE,,,,,,TRUE,,,,,,,,TRUE,,,,,,TRUE,,,,,TRUE,,,,,,,,300560008,
9/20/19 14:24,9/20/19 14:36,IP Address,,100,724,TRUE,9/20/19 14:36,R_Tuz8RERrevVK2gV,,,,,,,anonymous,EN,I consent. Begin the study.,100,partially caused,0,partially caused,93,70,90,,,,,,,,,,,,,partially caused,95,95,86,,,,,,,,,,,,,,,,,partially caused,88,90,81,,,,,,,,,,,,,partially caused,99,75,89,,,,,,,,,,,,,partially caused,83,83,65,,,,,,,,,partially caused,95,57,82,,,,,,,,,,,,,,,,,,,,,,,,,did not cause,83,25,78,,,,,,,,,,,,,did not cause,64,29,67,,,,,partially caused,82,72,92,,,,,,,,,32,Male,Yes.,2615,Alex,Laurie,Billy,Suzy,tech startup,law firm,travel agency,graphic design studio,TRUE,,,,,,,,,TRUE,,,,,,,,,TRUE,,,,,,,,,TRUE,,,,,,,TRUE,,,,,,TRUE,,,,,,,,,,,,,,,TRUE,,,,,,,,TRUE,,,TRUE,,,,,,571333808,
9/20/19 14:16,9/20/19 14:38,IP Address,,100,1268,TRUE,9/20/19 14:38,R_D2klOGDXlWMUtln,,,,,,,anonymous,EN,I consent. Begin the study.,100,partially caused,0,,,,,,,,,,,,,partially caused,66,49,70,,,,,,,,,,,,,partially caused,83,49,65,,,,,,,,,totally caused,23,51,68,,,,,,,,,,,,,,,,,partially caused,90,64,56,partially caused,82,50,69,,,,,,,,,,,,,,,,,,,,,partially caused,82,48,75,,,,,partially caused,84,50,75,,,,,,,,,,,,,,,,,,,,,did not cause,63,6,79,,,,,,,,,,,,,partially caused,75,58,84,,,,,48,Male,Yes.,2321,Alex,Laurie,Billy,Suzy,tech startup,law firm,travel agency,graphic design studio,,,,,,,TRUE,,,,,,,,TRUE,,,,,,TRUE,,,,,,,,,,TRUE,,TRUE,,,,,,,,,,,,TRUE,,,,TRUE,,,,,,,,,,,,TRUE,,,,,,,,,TRUE,,,445129328,
9/20/19 14:32,9/20/19 14:38,IP Address,,100,365,TRUE,9/20/19 14:38,R_2zCFOQzvrbzSJHA,,,,,,,anonymous,EN,I consent. Begin the study.,100,partially caused,0,partially caused,95,88,96,,,,,,,,,,,,,,,,,partially caused,95,90,82,,,,,,,,,,,,,,,,,,,,,partially caused,90,100,100,,,,,totally caused,99,94,99,,,,,,,,,,,,,,,,,partially caused,95,92,99,,,,,,,,,partially caused,89,81,83,,,,,,,,,,,,,,,,,did not cause,86,64,78,,,,,,,,,partially caused,91,22,41,,,,,,,,,,,,,,,,,,,,,totally caused,96,95,98,38,Female,Yes.,2996,Billy,Suzy,Alex,Laurie,travel agency,graphic design studio,tech startup,law firm,TRUE,,,,,,,,,,,TRUE,,,,,,,,,,,,TRUE,,,TRUE,,,,,,,,,,,TRUE,,,,,TRUE,,,,,,,,,,TRUE,,,,,,,TRUE,,,,,,,,,,,TRUE,,601273585,
9/20/19 14:29,9/20/19 14:39,IP Address,,100,622,TRUE,9/20/19 14:39,R_3oTujmOXmmpcmKp,,,,,,,anonymous,EN,I consent. Begin the study.,100,partially caused,0,,,,,,,,,totally caused,82,100,83,,,,,,,,,totally caused,100,51,78,,,,,,,,,,,,,totally caused,96,100,100,,,,,,,,,,,,,,,,,,,,,totally caused,86,100,64,,,,,partially caused,76,100,74,,,,,,,,,,,,,totally caused,78,87,71,,,,,,,,,,,,,,,,,,,,,partially caused,81,8,83,,,,,,,,,,,,,did not cause,100,4,99,,,,,,,,,,,,,partially caused,71,0,100,34,Female,Yes.,2880,Alex,Laurie,Billy,Suzy,tech startup,law firm,travel agency,graphic design studio,,,,,TRUE,,,,,,,TRUE,,,,,,,,TRUE,,,,,,,,,,,,TRUE,,,,TRUE,,,,,,,,TRUE,,,,,,,,,,,TRUE,,,,,,,,TRUE,,,,,,,,,TRUE,267099066,
9/20/19 14:19,9/20/19 14:40,IP Address,,100,1254,TRUE,9/20/19 14:40,R_2V8Fj1Wb34coI4O,,,,,,,anonymous,EN,I consent. Begin the study.,100,partially caused,0,partially caused,100,25,100,,,,,,,,,,,,,,,,,,,,,,,,,partially caused,100,100,100,,,,,partially caused,100,86,100,,,,,,,,,,,,,,,,,partially caused,100,70,45,,,,,,,,,partially caused,100,94,93,,,,,,,,,partially caused,100,54,100,,,,,,,,,,,,,,,,,partially caused,100,52,100,,,,,,,,,,,,,,,,,did not cause,34,54,97,,,,,partially caused,93,54,100,,,,,,,,,,,,,30,Female,Yes.,2809,Billy,Suzy,Alex,Laurie,travel agency,graphic design studio,tech startup,law firm,,TRUE,,,,,,,,,,,,,,TRUE,,,,TRUE,,,,,,,,,TRUE,,,,,,,TRUE,,,,,TRUE,,,,,,,,,,,TRUE,,,,,,,,,TRUE,,,,,TRUE,,,,,,,639443799,
9/20/19 14:37,9/20/19 14:42,IP Address,,100,331,TRUE,9/20/19 14:42,R_3MN0aOzfvd5Whpw,,,,,,,anonymous,EN,I consent. Begin the study.,100,partially caused,0,,,,,did not cause,100,72,79,,,,,,,,,,,,,,,,,,,,,partially caused,100,49,100,,,,,partially caused,100,100,100,,,,,,,,,,,,,,,,,,,,,totally caused,100,100,100,did not cause,100,100,100,,,,,,,,,,,,,,,,,,,,,partially caused,76,73,100,,,,,partially caused,75,100,100,,,,,,,,,,,,,,,,,,,,,,,,,totally caused,100,100,100,,,,,,,,,,,,,totally caused,100,49,77,33,Male,Yes.,3107,Alex,Laurie,Billy,Suzy,tech startup,law firm,travel agency,graphic design studio,,,,TRUE,,,,,,,,,,,,TRUE,,,,TRUE,,,,,,,,,,,,TRUE,,TRUE,,,,,,,,,,,TRUE,,,,TRUE,,,,,,,,,,,,,,,TRUE,,,,,,,,TRUE,812894499,
9/20/19 14:30,9/20/19 14:44,IP Address,,100,828,TRUE,9/20/19 14:44,R_2YKE8eugMwUTPLf,,,,,,,anonymous,EN,I consent. Begin the study.,100,partially caused,0,,,,,totally caused,100,100,100,,,,,,,,,,,,,,,,,,,,,did not cause,87,84,88,,,,,partially caused,95,76,84,,,,,,,,,,,,,,,,,,,,,totally caused,99,16,86,totally caused,100,74,69,,,,,,,,,,,,,partially caused,84,81,95,,,,,,,,,,,,,,,,,did not cause,93,4,83,,,,,,,,,totally caused,75,98,63,,,,,,,,,,,,,partially caused,89,70,87,,,,,,,,,,,,,38,Male,Yes.,2887,Alex,Laurie,Billy,Suzy,tech startup,law firm,travel agency,graphic design studio,,,TRUE,,,,,,,,,,,,TRUE,,,,TRUE,,,,,,,,,,,,TRUE,,TRUE,,,,,,,,,TRUE,,,,,,,,,TRUE,,,,,,,TRUE,,,,,,,TRUE,,,,,,,,736129328,
9/20/19 14:36,9/20/19 14:45,IP Address,,100,564,TRUE,9/20/19 14:45,R_01iyAqiyhFgu1hf,,,,,,,anonymous,EN,I consent. Begin the study.,100,partially caused,0,,,,,,,,,partially caused,94,69,100,,,,,,,,,,,,,partially caused,72,63,96,,,,,,,,,,,,,,,,,partially caused,65,37,96,,,,,partially caused,98,85,95,,,,,,,,,,,,,,,,,,,,,partially caused,100,56,80,totally caused,100,58,87,,,,,,,,,,,,,,,,,partially caused,64,34,60,,,,,,,,,,,,,did not cause,100,6,92,,,,,,,,,,,,,did not cause,100,11,100,,,,,,,,,30,Male,Yes.,2575,Billy,Suzy,Alex,Laurie,travel agency,graphic design studio,tech startup,law firm,,,,,TRUE,,,,,,,,TRUE,,,,,,,,,,TRUE,,,,,TRUE,,,,,,,,,,,,TRUE,TRUE,,,,,,,,,,,TRUE,,,,,,,TRUE,,,,,,,,TRUE,,,,,,521735103,
9/20/19 14:35,9/20/19 14:46,IP Address,,100,603,TRUE,9/20/19 14:46,R_21soJVxIxCH3glj,,,,,,,anonymous,EN,I consent. Begin the study.,100,partially caused,0,,,,,,,,,,,,,partially caused,77,78,100,partially caused,75,83,100,,,,,,,,,,,,,partially caused,100,82,90,,,,,,,,,,,,,partially caused,100,66,99,,,,,,,,,,,,,,,,,,,,,partially caused,81,69,81,,,,,,,,,,,,,,,,,did not cause,76,29,69,,,,,,,,,did not cause,63,24,46,,,,,totally caused,100,100,100,,,,,,,,,,,,,totally caused,100,100,100,,,,,,,,,,,,,51,Male,Yes.,2795,Alex,Laurie,Billy,Suzy,tech startup,law firm,travel agency,graphic design studio,,,,,,,,TRUE,,TRUE,,,,,,,TRUE,,,,,,,,TRUE,,,,,,,,,,,,TRUE,,,,,,,,,,,TRUE,,,,,,TRUE,,,TRUE,,,,,,,,,TRUE,,,,,,,728517850,
9/20/19 14:32,9/20/19 14:46,IP Address,,100,827,TRUE,9/20/19 14:46,R_tFDY26yMsko6tO1,,,,,,,anonymous,EN,I consent. Begin the study.,100,partially caused,0,,,,,,,,,,,,,totally caused,71,93,94,partially caused,87,53,74,,,,,,,,,,,,,,,,,,,,,totally caused,87,57,73,,,,,,,,,,,,,totally caused,75,94,97,,,,,,,,,partially caused,90,52,92,,,,,,,,,,,,,,,,,did not cause,83,40,88,,,,,totally caused,61,57,74,,,,,,,,,,,,,,,,,,,,,,,,,did not cause,63,11,92,,,,,did not cause,92,19,81,,,,,,,,,45,Male,Yes.,2607,Alex,Laurie,Billy,Suzy,tech startup,law firm,travel agency,graphic design studio,,,,,,,TRUE,,TRUE,,,,,,,,,,,,,TRUE,,,,,,,TRUE,,,,,,TRUE,,,,,,,,,,,TRUE,,,,TRUE,,,,,,,,,,,,,TRUE,,,,,TRUE,,,,,254802261,
9/20/19 14:10,9/20/19 14:53,IP Address,,100,2590,TRUE,9/20/19 14:53,R_1LtxdwyDSnc71R7,,,,,,,anonymous,EN,I consent. Begin the study.,100,partially caused,0,,,,,,,,,,,,,partially caused,100,51,100,,,,,,,,,,,,,totally caused,100,100,100,,,,,,,,,,,,,partially caused,100,49,100,,,,,partially caused,100,51,100,,,,,,,,,,,,,,,,,partially caused,100,51,100,,,,,partially caused,100,51,100,,,,,,,,,,,,,,,,,partially caused,100,100,100,,,,,,,,,,,,,partially caused,100,100,100,,,,,,,,,partially caused,100,100,100,,,,,,,,,,,,,42,Male,Yes.,3110,Alex,Laurie,Billy,Suzy,tech startup,law firm,travel agency,graphic design studio,,,,,,,,TRUE,,,,,,,,TRUE,,,,,,,,TRUE,,,TRUE,,,,,,,,,,,TRUE,,,,TRUE,,,,,,,,,TRUE,,,,,,,,,TRUE,,,,,TRUE,,,,,,,,173726205,
9/20/19 14:44,9/20/19 14:58,IP Address,,100,863,TRUE,9/20/19 14:58,R_3gOfZqlZHS5fW5Z,,,,,,,anonymous,EN,I consent. Begin the study.,100,partially caused,0,partially caused,100,50,99,,,,,,,,,,,,,partially caused,98,50,83,,,,,,,,,,,,,,,,,partially caused,100,49,96,,,,,,,,,,,,,partially caused,95,61,96,,,,,,,,,,,,,,,,,partially caused,96,50,93,,,,,,,,,,,,,,,,,did not cause,100,0,100,totally caused,96,100,99,,,,,,,,,,,,,,,,,did not cause,99,0,98,,,,,,,,,,,,,did not cause,84,3,98,,,,,,,,,24,Female,Yes.,2601,Billy,Suzy,Alex,Laurie,travel agency,graphic design studio,tech startup,law firm,TRUE,,,,,,,,TRUE,,,,,,,,,,TRUE,,,,,,,,,TRUE,,,,,,,,,TRUE,,,,,,,,,,TRUE,,,TRUE,,,,,,,,,,TRUE,,,,,,,TRUE,,,,,,409248920,
9/20/19 14:03,9/20/19 14:58,IP Address,,100,3311,TRUE,9/20/19 14:59,R_6u0w8eomJqPG2qJ,,,,,,,anonymous,EN,I consent. Begin the study.,100,partially caused,0,,,,,partially caused,77,79,83,,,,,,,,,,,,,totally caused,99,65,78,,,,,,,,,,,,,,,,,partially caused,82,78,87,,,,,did not cause,88,62,78,,,,,,,,,,,,,,,,,partially caused,92,39,78,,,,,,,,,,,,,did not cause,92,32,78,,,,,,,,,,,,,,,,,partially caused,89,81,58,,,,,,,,,,,,,partially caused,67,37,76,,,,,,,,,,,,,totally caused,98,96,92,,,,,29,Female,Yes.,2669,Alex,Laurie,Billy,Suzy,tech startup,law firm,travel agency,graphic design studio,,,TRUE,,,,,,,,,TRUE,,,,,,,,,,TRUE,,,,TRUE,,,,,,,,,,TRUE,,,,,,,,TRUE,,,,,,,,,,TRUE,,,,,,,TRUE,,,,,,,,,TRUE,,,451584861,
9/20/19 14:58,9/20/19 15:03,IP Address,,100,313,TRUE,9/20/19 15:03,R_3hmBBURfax5xeX0,,,,,,,anonymous,EN,I consent. Begin the study.,100,partially caused,0,,,,,partially caused,60,92,26,,,,,,,,,,,,,totally caused,93,85,70,,,,,,,,,,,,,partially caused,70,82,64,,,,,,,,,,,,,,,,,,,,,totally caused,96,80,74,,,,,,,,,,,,,totally caused,81,74,80,,,,,,,,,,,,,totally caused,61,85,80,,,,,,,,,,,,,totally caused,86,75,60,totally caused,76,94,91,,,,,,,,,,,,,,,,,partially caused,66,68,28,,,,,,,,,28,Male,Yes.,2904,Alex,Laurie,Billy,Suzy,tech startup,law firm,travel agency,graphic design studio,,,,TRUE,,,,,,,TRUE,,,,,,,,,TRUE,,,,,,,,,,,,TRUE,,,,,,,TRUE,,,,,,,,,TRUE,,,,,,,,TRUE,,TRUE,,,,,,,,,,TRUE,,,,,911365900,
9/20/19 14:44,9/20/19 15:05,IP Address,,100,1303,TRUE,9/20/19 15:05,R_2vZXRBcL9lk64IK,,,,,,,anonymous,EN,I consent. Begin the study.,100,partially caused,0,,,,,,,,,,,,,partially caused,91,58,59,,,,,,,,,,,,,partially caused,85,3,97,,,,,,,,,did not cause,22,51,80,,,,,,,,,totally caused,89,96,91,,,,,,,,,,,,,,,,,partially caused,82,11,89,,,,,partially caused,95,31,86,,,,,,,,,,,,,totally caused,100,100,100,,,,,,,,,,,,,,,,,,,,,did not cause,96,8,93,,,,,totally caused,98,100,100,,,,,,,,,,,,,41,Female,Yes.,2669,Alex,Laurie,Billy,Suzy,tech startup,law firm,travel agency,graphic design studio,,,,,,,,TRUE,,,,,,,,TRUE,,,,,TRUE,,,,,,TRUE,,,,,,,,,,,TRUE,,,,TRUE,,,,,,,TRUE,,,,,,,,,,,,,TRUE,,,,TRUE,,,,,,,263312831,
9/20/19 14:59,9/20/19 15:08,IP Address,,100,533,TRUE,9/20/19 15:08,R_22Df3dJsDEjvLkT,,,,,,,anonymous,EN,I consent. Begin the study.,100,partially caused,0,,,,,,,,,partially caused,51,54,85,,,,,partially caused,87,56,85,,,,,,,,,,,,,,,,,,,,,,,,,did not cause,100,0,100,,,,,,,,,did not cause,100,100,100,,,,,,,,,partially caused,76,100,100,,,,,,,,,,,,,,,,,partially caused,83,48,78,,,,,,,,,partially caused,100,59,81,,,,,,,,,,,,,,,,,,,,,totally caused,83,100,91,,,,,,,,,,,,,did not cause,80,0,81,26,Female,Yes.,2586,Billy,Suzy,Alex,Laurie,travel agency,graphic design studio,tech startup,law firm,,,,,TRUE,,,,,TRUE,,,,,,,,,,,,,,TRUE,,,,,,TRUE,,,,,TRUE,,,,,,,,,,TRUE,,,,,,TRUE,,,,,,,,,,,,TRUE,,,,,,,,TRUE,,387511888,
9/20/19 14:44,9/20/19 15:08,IP Address,,100,1418,TRUE,9/20/19 15:08,R_25Myh4mXBjLhlmO,,,,,,,anonymous,EN,I consent. Begin the study.,100,partially caused,0,,,,,,,,,totally caused,74,51,69,,,,,,,,,,,,,partially caused,89,66,51,,,,,,,,,,,,,,,,,totally caused,100,93,93,,,,,,,,,,,,,did not cause,100,100,100,,,,,,,,,,,,,partially caused,61,100,100,,,,,partially caused,100,72,81,,,,,,,,,,,,,,,,,totally caused,66,100,63,,,,,totally caused,100,100,100,,,,,,,,,,,,,,,,,,,,,,,,,partially caused,86,100,100,35,Male,Yes.,3072,Alex,Laurie,Billy,Suzy,tech startup,law firm,travel agency,graphic design studio,,,,,,TRUE,,,,,,,,TRUE,,,,,,,,,TRUE,,,,,,,,TRUE,,,,,,,,,TRUE,,,TRUE,,,,,,,,,,,TRUE,,,TRUE,,,,,,,,,,,,,,,TRUE,710990376,
9/20/19 14:48,9/20/19 15:10,IP Address,,100,1287,TRUE,9/20/19 15:10,R_2nxDZsb8aN4hP69,,,,,,,anonymous,EN,I consent. Begin the study.,100,partially caused,0,,,,,,,,,,,,,partially caused,84,85,71,,,,,,,,,,,,,totally caused,100,100,100,partially caused,100,65,88,,,,,,,,,,,,,,,,,,,,,totally caused,100,100,73,,,,,partially caused,76,0,100,,,,,,,,,,,,,partially caused,100,60,100,,,,,,,,,,,,,,,,,totally caused,100,75,100,,,,,,,,,,,,,,,,,,,,,did not cause,100,0,100,totally caused,100,100,100,,,,,,,,,,,,,34,Female,Yes.,3035,Billy,Suzy,Alex,Laurie,travel agency,graphic design studio,tech startup,law firm,,,,,,,TRUE,,,,,,,,TRUE,,TRUE,,,,,,,,,,,,TRUE,,,,,TRUE,,,,,,,TRUE,,,,,,,,,,,TRUE,,,,,,,,,,,,TRUE,TRUE,,,,,,,,762549607,
9/20/19 14:35,9/20/19 15:13,IP Address,,100,2277,TRUE,9/20/19 15:13,R_1OxVKzGLOPFA49X,,,,,,,anonymous,EN,I consent. Begin the study.,100,partially caused,0,,,,,,,,,partially caused,74,75,56,,,,,,,,,,,,,partially caused,63,48,71,,,,,partially caused,66,100,100,,,,,,,,,,,,,partially caused,97,49,100,,,,,,,,,,,,,,,,,,,,,,,,,partially caused,92,27,72,,,,,,,,,,,,,did not cause,89,65,72,,,,,,,,,,,,,did not cause,99,15,77,,,,,,,,,did not cause,97,0,93,,,,,,,,,,,,,did not cause,94,0,100,,,,,38,Male,Yes.,2298,Billy,Suzy,Alex,Laurie,travel agency,graphic design studio,tech startup,law firm,,,,,,TRUE,,,,,,,,TRUE,,,,TRUE,,,,,,,,TRUE,,,,,,,,,,,,,TRUE,,,,,,,,TRUE,,,,,,,,TRUE,,,,,,,TRUE,,,,,,,,TRUE,,,660695665,
9/20/19 15:09,9/20/19 15:16,IP Address,,100,365,TRUE,9/20/19 15:16,R_PRSN2AFio6tB8yt,,,,,,,anonymous,EN,I consent. Begin the study.,100,partially caused,0,,,,,,,,,partially caused,80,51,88,,,,,,,,,totally caused,76,51,88,,,,,,,,,,,,,,,,,partially caused,71,51,31,,,,,,,,,,,,,partially caused,72,51,70,,,,,,,,,did not cause,66,10,80,,,,,,,,,partially caused,66,51,72,,,,,,,,,,,,,,,,,partially caused,77,75,87,,,,,,,,,,,,,,,,,,,,,partially caused,68,62,84,partially caused,78,71,77,,,,,,,,,,,,,36,Female,Yes.,2412,Alex,Laurie,Billy,Suzy,tech startup,law firm,travel agency,graphic design studio,,,,,,TRUE,,,,,,TRUE,,,,,,,,,TRUE,,,,,,,,TRUE,,,,,,TRUE,,,,,,TRUE,,,,,,,,,,,TRUE,,,,,,,,,,,,TRUE,TRUE,,,,,,,,611583362,
9/20/19 14:51,9/20/19 15:16,IP Address,,100,1533,TRUE,9/20/19 15:16,R_2AGPr9hVfvzxi6A,,,,,,,anonymous,EN,I consent. Begin the study.,100,partially caused,0,partially caused,81,70,72,,,,,,,,,,,,,,,,,,,,,partially caused,100,74,75,,,,,partially caused,100,75,75,,,,,,,,,,,,,totally caused,100,75,76,,,,,,,,,,,,,partially caused,71,100,100,,,,,,,,,,,,,,,,,,,,,partially caused,100,74,83,,,,,,,,,,,,,,,,,totally caused,100,100,100,,,,,totally caused,100,100,100,,,,,,,,,,,,,,,,,did not cause,100,0,100,,,,,53,Male,Yes.,3008,Billy,Suzy,Alex,Laurie,travel agency,graphic design studio,tech startup,law firm,,TRUE,,,,,,,,,,,TRUE,,,,,TRUE,,,,,,,TRUE,,,,,,,,TRUE,,,,,,,,,,,,,TRUE,,,,,,,,,TRUE,,,,TRUE,,,,,,,,,,TRUE,,,,162484167,
9/20/19 15:13,9/20/19 15:18,IP Address,,100,280,TRUE,9/20/19 15:18,R_cCn11qsPPHrpstz,,,,,,,anonymous,EN,I consent. Begin the study.,100,partially caused,0,totally caused,93,94,98,,,,,,,,,,,,,,,,,,,,,,,,,totally caused,94,91,95,,,,,,,,,,,,,partially caused,33,90,90,,,,,,,,,,,,,totally caused,66,90,93,,,,,,,,,totally caused,81,21,79,,,,,,,,,,,,,totally caused,62,23,85,,,,,,,,,,,,,totally caused,90,20,73,,,,,,,,,,,,,totally caused,85,73,59,,,,,,,,,partially caused,56,89,78,,,,,,,,,31,Male,Yes.,2958,Billy,Suzy,Alex,Laurie,travel agency,graphic design studio,tech startup,law firm,TRUE,,,,,,,,,,,,,,,TRUE,,,,,,,,TRUE,,,,,,,TRUE,,,,,,TRUE,,,,,,,,TRUE,,,,,,,,TRUE,,,,,,,,TRUE,,,,,,TRUE,,,,,,463834955,
9/20/19 14:44,9/20/19 15:20,IP Address,,100,2155,TRUE,9/20/19 15:20,R_OCePHgF2pjgzRQJ,,,,,,,anonymous,EN,I consent. Begin the study.,100,partially caused,0,totally caused,83,61,34,,,,,,,,,,,,,,,,,totally caused,100,100,100,,,,,,,,,,,,,,,,,did not cause,43,32,24,,,,,,,,,,,,,totally caused,100,100,100,,,,,,,,,did not cause,100,0,99,,,,,,,,,,,,,totally caused,100,100,100,,,,,,,,,,,,,,,,,,,,,partially caused,41,21,6,,,,,,,,,did not cause,100,0,100,,,,,,,,,,,,,did not cause,100,0,100,,,,,29,Female,Yes.,2452,Billy,Suzy,Alex,Laurie,travel agency,graphic design studio,tech startup,law firm,,TRUE,,,,,,,,,TRUE,,,,,,,,,,TRUE,,,,,,,,,TRUE,,,,,,TRUE,,,,,,,,TRUE,,,,,,,,,,,,TRUE,,,,,TRUE,,,,,,,,TRUE,,,,868056659,
9/20/19 15:19,9/20/19 15:26,IP Address,,100,445,TRUE,9/20/19 15:26,R_1QzlJ341zuwwYOL,,,,,,,anonymous,EN,I consent. Begin the study.,100,partially caused,0,,,,,partially caused,100,91,100,,,,,,,,,,,,,,,,,partially caused,92,62,100,,,,,totally caused,100,66,100,,,,,,,,,,,,,,,,,partially caused,94,64,100,,,,,,,,,,,,,,,,,,,,,totally caused,100,52,75,,,,,,,,,,,,,totally caused,88,64,100,,,,,,,,,,,,,totally caused,100,82,100,,,,,totally caused,100,79,100,,,,,,,,,,,,,,,,,,,,,totally caused,100,82,89,28,Male,"No, I was distracted.",3283,Alex,Laurie,Billy,Suzy,tech startup,law firm,travel agency,graphic design studio,,,TRUE,,,,,,,,,,,TRUE,,,TRUE,,,,,,,,,,,TRUE,,,,,,,,,,,,TRUE,,,,,,,,TRUE,,,,,,,,TRUE,,,,TRUE,,,,,,,,,,,TRUE,,297972313,
9/20/19 15:17,9/20/19 15:27,IP Address,,100,585,TRUE,9/20/19 15:27,R_3GdCwtracQ50kx0,,,,,,,anonymous,EN,I consent. Begin the study.,100,partially caused,0,,,,,,,,,,,,,totally caused,92,92,91,partially caused,75,58,71,,,,,,,,,,,,,,,,,did not cause,79,28,77,,,,,,,,,partially caused,80,18,78,,,,,,,,,,,,,partially caused,81,75,73,,,,,,,,,,,,,,,,,totally caused,92,86,80,,,,,,,,,totally caused,87,90,96,,,,,,,,,,,,,totally caused,73,91,94,,,,,,,,,,,,,,,,,,,,,did not cause,89,30,68,,,,,33,Other,Yes.,2753,Billy,Suzy,Alex,Laurie,travel agency,graphic design studio,tech startup,law firm,,,,,,,,TRUE,,TRUE,,,,,,,,,TRUE,,,,,,,TRUE,,,,,,,TRUE,,,,,,,,,,TRUE,,,,,,TRUE,,,,,,,,TRUE,,,,,,,,,,,,,TRUE,,,605566525,
9/20/19 15:22,9/20/19 15:33,IP Address,,100,627,TRUE,9/20/19 15:33,R_1ill2MvrV2kxnCo,,,,,,,anonymous,EN,I consent. Begin the study.,100,partially caused,0,partially caused,26,27,77,,,,,,,,,,,,,,,,,did not cause,70,95,95,,,,,,,,,,,,,partially caused,31,21,81,,,,,,,,,totally caused,95,84,86,,,,,,,,,,,,,,,,,,,,,partially caused,81,93,90,,,,,,,,,,,,,,,,,totally caused,86,92,71,totally caused,96,97,96,,,,,,,,,,,,,,,,,partially caused,34,85,98,,,,,,,,,did not cause,89,15,87,,,,,,,,,,,,,24,Male,Yes.,2655,Billy,Suzy,Alex,Laurie,travel agency,graphic design studio,tech startup,law firm,,TRUE,,,,,,,,,TRUE,,,,,,,,,TRUE,,,,,TRUE,,,,,,,,,,,,,TRUE,,,,,,,,,TRUE,,,TRUE,,,,,,,,,TRUE,,,,,,,TRUE,,,,,,,661528301,
9/20/19 15:24,9/20/19 15:33,IP Address,,100,576,TRUE,9/20/19 15:33,R_332vi4EYTFU4Ue3,,,,,,,anonymous,EN,I consent. Begin the study.,100,partially caused,0,,,,,partially caused,40,76,32,,,,,,,,,partially caused,70,52,61,,,,,,,,,,,,,,,,,,,,,partially caused,55,50,28,,,,,,,,,,,,,partially caused,3,67,9,,,,,,,,,partially caused,60,52,39,,,,,,,,,,,,,,,,,partially caused,93,49,85,,,,,,,,,,,,,did not cause,56,1,54,,,,,totally caused,43,97,79,,,,,,,,,,,,,,,,,,,,,,,,,did not cause,72,0,56,36,Male,Yes.,1936,Alex,Laurie,Billy,Suzy,tech startup,law firm,travel agency,graphic design studio,,,,TRUE,,,,,TRUE,,,,,,,,,,,,,TRUE,,,,,,,,TRUE,,,,,,TRUE,,,,,,,,,,TRUE,,,,,,,TRUE,,,,,TRUE,,,,,,,,,,,,,,TRUE,905924795,
9/20/19 15:27,9/20/19 15:35,IP Address,,100,455,TRUE,9/20/19 15:35,R_RCshuT8eOUdsuqJ,,,,,,,anonymous,EN,I consent. Begin the study.,100,partially caused,0,,,,,totally caused,100,100,100,,,,,,,,,partially caused,100,50,100,,,,,,,,,,,,,,,,,,,,,partially caused,100,50,100,,,,,,,,,,,,,partially caused,100,100,100,,,,,,,,,totally caused,100,100,100,,,,,,,,,,,,,,,,,partially caused,100,50,100,,,,,totally caused,100,100,100,,,,,,,,,,,,,,,,,,,,,,,,,partially caused,100,72,100,,,,,,,,,did not cause,100,0,100,,,,,45,Male,Yes.,3129,Alex,Laurie,Billy,Suzy,tech startup,law firm,travel agency,graphic design studio,,,,TRUE,,,,,TRUE,,,,,,,,,,,,TRUE,,,,,,,,,TRUE,,,,,,TRUE,,,,,,,,,,TRUE,,,,TRUE,,,,,,,,,,,,,,TRUE,,,,,,TRUE,,,669547670,
9/20/19 15:31,9/20/19 15:35,IP Address,,100,221,TRUE,9/20/19 15:35,R_3PMMQi1y2I4KyNh,,,,,,,anonymous,EN,I consent. Begin the study.,100,partially caused,0,,,,,,,,,partially caused,89,24,48,,,,,,,,,,,,,,,,,partially caused,91,49,60,partially caused,85,32,85,,,,,,,,,,,,,,,,,partially caused,70,65,92,,,,,,,,,partially caused,77,51,35,,,,,,,,,,,,,partially caused,35,21,71,,,,,,,,,,,,,,,,,,,,,,,,,partially caused,71,63,44,,,,,,,,,partially caused,85,88,90,,,,,,,,,partially caused,67,98,86,,,,,,,,,28,Female,Yes.,2380,Alex,Laurie,Billy,Suzy,tech startup,law firm,travel agency,graphic design studio,,,,,,TRUE,,,,,,,,,TRUE,,TRUE,,,,,,,,,,TRUE,,,,,,,TRUE,,,,,,,,TRUE,,,,,,,,,,,,,,TRUE,,,,,,TRUE,,,,,,TRUE,,,,,813118372,
9/20/19 14:46,9/20/19 15:39,IP Address,,100,3213,TRUE,9/20/19 15:39,R_3J3isWVUqixekOR,,,,,,,anonymous,EN,I consent. Begin the study.,100,partially caused,0,partially caused,88,66,36,,,,,,,,,,,,,,,,,totally caused,93,98,62,,,,,,,,,,,,,totally caused,84,91,72,,,,,,,,,,,,,,,,,,,,,partially caused,77,77,37,,,,,,,,,totally caused,89,100,86,,,,,,,,,partially caused,68,29,87,,,,,,,,,,,,,,,,,totally caused,93,100,52,,,,,totally caused,73,95,86,,,,,,,,,,,,,,,,,,,,,,,,,did not cause,96,15,100,42,Male,Yes.,2857,Billy,Suzy,Alex,Laurie,travel agency,graphic design studio,tech startup,law firm,,TRUE,,,,,,,,,TRUE,,,,,,,,TRUE,,,,,,,,,,,,TRUE,,,,,,,TRUE,,,,,TRUE,,,,,,,,,,,TRUE,,,TRUE,,,,,,,,,,,,,,,TRUE,387228974,
9/20/19 15:06,9/20/19 15:39,IP Address,,100,1997,TRUE,9/20/19 15:39,R_PLmGQTHYjBZNeIp,,,,,,,anonymous,EN,I consent. Begin the study.,100,partially caused,0,,,,,,,,,,,,,totally caused,100,95,79,,,,,totally caused,100,100,100,,,,,,,,,,,,,,,,,totally caused,100,100,98,,,,,totally caused,100,100,100,,,,,,,,,,,,,,,,,,,,,totally caused,100,100,100,,,,,totally caused,100,100,100,,,,,,,,,,,,,,,,,,,,,,,,,totally caused,84,100,100,,,,,totally caused,100,100,94,,,,,,,,,totally caused,100,100,100,,,,,,,,,,,,,23,Female,Yes.,3708,Alex,Laurie,Billy,Suzy,tech startup,law firm,travel agency,graphic design studio,,,,,,,,TRUE,,,,TRUE,,,,,,,,,,TRUE,,,TRUE,,,,,,,,,,,,TRUE,,,,TRUE,,,,,,,,,,,,,,TRUE,,,,,TRUE,,,,,TRUE,,,,,,,,639358885,
9/20/19 15:34,9/20/19 15:42,IP Address,,100,488,TRUE,9/20/19 15:42,R_2pX1ghaZq4Xu8bA,,,,,,,anonymous,EN,I consent. Begin the study.,100,partially caused,0,,,,,,,,,partially caused,100,51,88,,,,,,,,,,,,,partially caused,82,52,92,,,,,,,,,partially caused,87,51,58,,,,,,,,,,,,,partially caused,81,78,90,,,,,,,,,partially caused,80,53,87,,,,,,,,,,,,,,,,,,,,,,,,,partially caused,85,57,76,partially caused,87,58,88,,,,,,,,,,,,,,,,,,,,,,,,,partially caused,66,64,45,,,,,,,,,,,,,totally caused,62,53,85,38,Male,Yes.,2613,Billy,Suzy,Alex,Laurie,travel agency,graphic design studio,tech startup,law firm,,,,,TRUE,,,,,,,,,TRUE,,,,,,TRUE,,,,,,,,TRUE,,,,,TRUE,,,,,,,,,,,,,,,TRUE,TRUE,,,,,,,,,,,,,,TRUE,,,,,,,,TRUE,,330005868,
9/20/19 15:28,9/20/19 15:43,IP Address,,100,926,TRUE,9/20/19 15:43,R_1F5O3AiE0EsK6yv,,,,,,,anonymous,EN,I consent. Begin the study.,100,partially caused,0,,,,,,,,,,,,,did not cause,91,0,100,,,,,,,,,totally caused,100,86,100,,,,,,,,,,,,,,,,,partially caused,60,73,100,partially caused,77,25,95,,,,,,,,,,,,,,,,,,,,,,,,,totally caused,94,100,100,,,,,,,,,,,,,partially caused,85,64,100,,,,,partially caused,73,55,92,,,,,,,,,,,,,totally caused,92,100,100,,,,,,,,,totally caused,100,100,100,,,,,,,,,,,,,29,Female,Yes.,3020,Billy,Suzy,Alex,Laurie,travel agency,graphic design studio,tech startup,law firm,,,,,,,TRUE,,,,,,TRUE,,,,,,,,,,TRUE,,,TRUE,,,,,,,,,,,,,TRUE,,,,,,,,TRUE,,,,,TRUE,,,,,,,TRUE,,,,,,,TRUE,,,,,,,749861659,
9/20/19 15:18,9/20/19 15:44,IP Address,,100,1566,TRUE,9/20/19 15:44,R_OeaEmqpjYQzy5tD,,,,,,,anonymous,EN,I consent. Begin the study.,100,partially caused,0,,,,,,,,,,,,,partially caused,87,56,72,,,,,,,,,partially caused,77,51,67,,,,,,,,,,,,,,,,,did not cause,56,7,85,,,,,,,,,,,,,partially caused,83,49,82,partially caused,67,71,83,,,,,,,,,,,,,,,,,totally caused,81,73,75,,,,,,,,,,,,,,,,,,,,,partially caused,47,33,68,,,,,,,,,did not cause,84,35,66,,,,,,,,,partially caused,62,56,60,,,,,,,,,37,Female,Yes.,2291,Billy,Suzy,Alex,Laurie,travel agency,graphic design studio,tech startup,law firm,,,,,,,TRUE,,,,,,TRUE,,,,,,,,,,TRUE,,,,,,,,,TRUE,,TRUE,,,,,,,,,,TRUE,,,,,,,,,,,TRUE,,,,,,,TRUE,,,,,,TRUE,,,,,328445305,
9/20/19 15:36,9/20/19 15:45,IP Address,,100,538,TRUE,9/20/19 15:45,R_SSLkWkQBpbYmfjr,,,,,,,anonymous,EN,I consent. Begin the study.,100,partially caused,0,,,,,did not cause,76,63,77,,,,,,,,,,,,,,,,,,,,,totally caused,84,32,73,totally caused,89,73,88,,,,,,,,,,,,,,,,,,,,,partially caused,90,31,81,,,,,,,,,,,,,,,,,partially caused,73,71,73,,,,,,,,,partially caused,42,65,75,,,,,,,,,,,,,partially caused,24,35,77,,,,,,,,,,,,,did not cause,90,16,90,,,,,,,,,,,,,did not cause,38,20,78,,,,,32,Male,Yes.,2281,Billy,Suzy,Alex,Laurie,travel agency,graphic design studio,tech startup,law firm,,,TRUE,,,,,,,,,,,,,TRUE,,TRUE,,,,,,,,,,,TRUE,,,,,,,,,,,TRUE,,,,,TRUE,,,,,,,,TRUE,,,,,,,,TRUE,,,,,,,,TRUE,,,,433791130,
9/20/19 15:21,9/20/19 15:45,IP Address,,100,1449,TRUE,9/20/19 15:45,R_31QVFirHdZVyHuX,,,,,,,anonymous,EN,I consent. Begin the study.,100,partially caused,0,,,,,,,,,totally caused,100,0,100,,,,,,,,,,,,,,,,,totally caused,100,10,88,totally caused,99,100,100,,,,,,,,,,,,,,,,,totally caused,77,100,100,,,,,,,,,,,,,,,,,,,,,did not cause,81,36,84,totally caused,67,50,51,,,,,,,,,,,,,,,,,totally caused,80,75,79,,,,,,,,,,,,,,,,,,,,,totally caused,61,63,92,,,,,,,,,did not cause,76,0,100,,,,,32,Female,Yes.,2827,Alex,Laurie,Billy,Suzy,tech startup,law firm,travel agency,graphic design studio,,,,,TRUE,,,,,,,,,,TRUE,,,TRUE,,,,,,,,,TRUE,,,,,,,,,,,,TRUE,,,TRUE,,,,,,,,,TRUE,,,,,,,,,,,,TRUE,,,,,,TRUE,,,,400488307,
9/20/19 15:33,9/20/19 15:48,IP Address,,100,919,TRUE,9/20/19 15:48,R_3h5uBV5HVmCujWc,,,,,,,anonymous,EN,I consent. Begin the study.,100,partially caused,0,partially caused,100,51,82,,,,,,,,,,,,,partially caused,100,78,82,,,,,,,,,,,,,,,,,,,,,,,,,partially caused,90,50,100,,,,,,,,,,,,,partially caused,86,100,100,,,,,totally caused,88,100,100,,,,,,,,,,,,,totally caused,100,82,82,,,,,,,,,,,,,did not cause,100,0,100,,,,,,,,,totally caused,100,100,100,,,,,,,,,,,,,,,,,did not cause,100,0,94,,,,,,,,,59,Female,Yes.,2923,Alex,Laurie,Billy,Suzy,tech startup,law firm,travel agency,graphic design studio,TRUE,,,,,,,,,TRUE,,,,,,,,,,,,,,TRUE,,,,,,,,TRUE,,,TRUE,,,,,,,,,TRUE,,,,,,,TRUE,,,,,,,TRUE,,,,,,,,,TRUE,,,,,,731080625,
9/20/19 15:40,9/20/19 15:51,IP Address,,100,623,TRUE,9/20/19 15:51,R_1GDkodzwCsKi88x,,,,,,,anonymous,EN,I consent. Begin the study.,100,partially caused,0,,,,,,,,,,,,,totally caused,100,100,100,,,,,,,,,,,,,totally caused,100,100,100,,,,,,,,,,,,,totally caused,100,100,100,,,,,partially caused,100,51,100,,,,,,,,,did not cause,60,100,100,,,,,,,,,,,,,,,,,,,,,totally caused,100,100,100,,,,,,,,,,,,,,,,,totally caused,100,100,100,,,,,totally caused,100,100,100,,,,,,,,,,,,,,,,,,,,,totally caused,90,0,100,31,Male,Yes.,3408,Alex,Laurie,Billy,Suzy,tech startup,law firm,travel agency,graphic design studio,,,,,,,,TRUE,,,,,,,TRUE,,,,,,,,,TRUE,,,,TRUE,,,,,,TRUE,,,,,,,,,,,TRUE,,,,,,,,,,,TRUE,,,TRUE,,,,,,,,,,,,,TRUE,670583506,
9/20/19 15:48,9/20/19 15:52,IP Address,,100,224,TRUE,9/20/19 15:52,R_vcR1VKN3nBfMRmF,,,,,,,anonymous,EN,I consent. Begin the study.,100,partially caused,0,,,,,,,,,totally caused,76,65,98,,,,,,,,,,,,,partially caused,77,88,31,,,,,,,,,,,,,totally caused,85,93,100,,,,,totally caused,77,89,60,,,,,,,,,,,,,,,,,totally caused,100,88,67,,,,,,,,,totally caused,95,6,94,,,,,,,,,,,,,,,,,,,,,totally caused,93,93,75,,,,,totally caused,100,91,77,,,,,,,,,,,,,totally caused,99,83,48,,,,,,,,,,,,,37,Female,Yes.,3156,Billy,Suzy,Alex,Laurie,travel agency,graphic design studio,tech startup,law firm,,,,,TRUE,,,,,,,,,TRUE,,,,,,,,TRUE,,,,TRUE,,,,,,,,,TRUE,,,,,,,TRUE,,,,,,,,,,,TRUE,,,,,TRUE,,,,,,,TRUE,,,,,,,,274850054,
9/20/19 15:57,9/20/19 16:06,IP Address,,100,534,TRUE,9/20/19 16:06,R_3FWYWGD69H5GbLY,,,,,,,anonymous,EN,I consent. Begin the study.,100,partially caused,0,,,,,totally caused,100,100,100,,,,,,,,,partially caused,66,70,72,,,,,,,,,,,,,,,,,,,,,,,,,partially caused,78,66,76,,,,,,,,,partially caused,92,66,65,,,,,,,,,,,,,,,,,totally caused,85,95,96,,,,,,,,,,,,,partially caused,78,64,71,,,,,partially caused,71,80,82,,,,,,,,,,,,,,,,,totally caused,100,100,100,,,,,,,,,partially caused,67,83,78,,,,,,,,,65,Female,Yes.,2959,Alex,Laurie,Billy,Suzy,tech startup,law firm,travel agency,graphic design studio,,,,TRUE,,,,,TRUE,,,,,,,,,,,,,,TRUE,,,,,,,TRUE,,,,,,,,,,TRUE,,,,,,,,TRUE,,,TRUE,,,,,,,,,,,TRUE,,,,,TRUE,,,,,,157848022,
9/20/19 15:57,9/20/19 16:07,IP Address,,100,603,TRUE,9/20/19 16:07,R_rdorZ58s9NG5Bhn,,,,,,,anonymous,EN,I consent. Begin the study.,100,partially caused,0,partially caused,64,18,65,,,,,,,,,,,,,partially caused,58,50,100,,,,,,,,,,,,,partially caused,72,75,75,,,,,,,,,,,,,,,,,,,,,,,,,did not cause,16,50,31,,,,,,,,,,,,,partially caused,83,66,70,,,,,,,,,,,,,did not cause,59,61,33,,,,,partially caused,42,25,62,,,,,,,,,,,,,,,,,,,,,totally caused,75,81,80,,,,,,,,,totally caused,77,100,90,,,,,34,Female,Yes.,2286,Alex,Laurie,Billy,Suzy,tech startup,law firm,travel agency,graphic design studio,,TRUE,,,,,,,,TRUE,,,,,,,,TRUE,,,,,,,,,,,,,TRUE,,,,,,,,TRUE,,,,,,,,TRUE,,,,,TRUE,,,,,,,,,,,,TRUE,,,,,TRUE,,,,878481155,
9/20/19 16:13,9/20/19 16:18,IP Address,,100,323,TRUE,9/20/19 16:18,R_3R9OPq6zZGFSBWd,,,,,,,anonymous,EN,I consent. Begin the study.,100,partially caused,0,,,,,,,,,,,,,did not cause,88,54,64,,,,,,,,,,,,,partially caused,100,100,100,,,,,partially caused,87,65,100,,,,,,,,,,,,,,,,,,,,,partially caused,100,77,100,totally caused,100,100,100,,,,,,,,,,,,,,,,,partially caused,93,87,88,,,,,,,,,totally caused,100,100,100,,,,,,,,,,,,,partially caused,86,76,65,,,,,,,,,,,,,,,,,,,,,,,,,did not cause,100,10,72,27,Female,Yes.,2920,Billy,Suzy,Alex,Laurie,travel agency,graphic design studio,tech startup,law firm,,,,,,,TRUE,,,,,,,,,TRUE,,,,TRUE,,,,,,,,,,,,TRUE,TRUE,,,,,,,,,,TRUE,,,,,,,TRUE,,,,,,,TRUE,,,,,,,,,,,,,,TRUE,,678129365,
9/20/19 15:56,9/20/19 16:18,IP Address,,100,1302,TRUE,9/20/19 16:18,R_2YEMJuCDUQnaWMI,,,,,,,anonymous,EN,I consent. Begin the study.,100,partially caused,0,,,,,totally caused,100,100,100,,,,,,,,,,,,,totally caused,100,100,100,,,,,,,,,,,,,partially caused,100,76,100,,,,,,,,,,,,,,,,,totally caused,100,100,100,,,,,,,,,,,,,totally caused,100,100,100,,,,,,,,,totally caused,100,100,100,,,,,,,,,totally caused,100,100,100,,,,,,,,,,,,,,,,,,,,,did not cause,100,0,100,,,,,,,,,did not cause,100,0,100,,,,,,,,,46,Male,Yes.,3283,Billy,Suzy,Alex,Laurie,travel agency,graphic design studio,tech startup,law firm,,,TRUE,,,,,,,,TRUE,,,,,,,,TRUE,,,,,,,,,,TRUE,,,,,,,,,TRUE,,,,,,TRUE,,,,,TRUE,,,,,,,,,,,,TRUE,,,,,,,TRUE,,,,,865402122,
9/20/19 16:19,9/20/19 16:36,IP Address,,100,1015,TRUE,9/20/19 16:36,R_3pf4bfsTQhWVxIS,,,,,,,anonymous,EN,I consent. Begin the study.,100,partially caused,0,,,,,,,,,partially caused,85,82,75,,,,,,,,,,,,,partially caused,79,70,67,,,,,partially caused,75,81,69,,,,,,,,,,,,,partially caused,81,84,78,,,,,,,,,,,,,,,,,,,,,partially caused,77,75,64,,,,,partially caused,82,70,36,,,,,,,,,,,,,,,,,,,,,,,,,partially caused,73,64,39,,,,,partially caused,84,92,85,,,,,,,,,,,,,,,,,partially caused,84,98,92,,,,,36,Female,Yes.,2649,Alex,Laurie,Billy,Suzy,tech startup,law firm,travel agency,graphic design studio,,,,,,TRUE,,,,,,,TRUE,,,,TRUE,,,,,,,,TRUE,,,,,,,,,,,,TRUE,,,,TRUE,,,,,,,,,,,,,,TRUE,,,,,TRUE,,,,,,,,,,TRUE,,,382027122,
9/20/19 16:48,9/20/19 16:56,IP Address,,100,450,TRUE,9/20/19 16:56,R_1oFO8E5uIlPlj0b,,,,,,,anonymous,EN,I consent. Begin the study.,100,partially caused,0,partially caused,100,51,100,,,,,,,,,,,,,,,,,totally caused,100,100,100,,,,,,,,,,,,,,,,,partially caused,100,52,100,,,,,,,,,partially caused,100,54,100,,,,,,,,,,,,,totally caused,97,82,100,,,,,,,,,,,,,,,,,partially caused,100,51,100,,,,,,,,,,,,,partially caused,100,52,100,,,,,,,,,,,,,,,,,totally caused,100,100,100,partially caused,100,83,100,,,,,,,,,,,,,36,Female,Yes.,3180,Billy,Suzy,Alex,Laurie,travel agency,graphic design studio,tech startup,law firm,TRUE,,,,,,,,,,,TRUE,,,,,,,,,TRUE,,,,,,TRUE,,,,,,,,,TRUE,,,,,,,,,,TRUE,,,,,,,,TRUE,,,,,,,,,TRUE,,,TRUE,,,,,,,363604080,
9/20/19 17:51,9/20/19 17:55,IP Address,,100,246,TRUE,9/20/19 17:55,R_7NBf5bTS1nCsS6R,,,,,,,anonymous,EN,I consent. Begin the study.,100,partially caused,0,,,,,,,,,,,,,partially caused,60,57,76,,,,,partially caused,64,55,75,,,,,,,,,,,,,partially caused,76,70,70,,,,,,,,,,,,,,,,,,,,,partially caused,84,62,88,,,,,,,,,,,,,partially caused,67,63,67,partially caused,60,64,41,,,,,,,,,,,,,,,,,,,,,,,,,partially caused,70,92,73,partially caused,76,58,64,,,,,,,,,,,,,,,,,,,,,totally caused,71,61,82,,,,,71,Female,Yes.,2504,Billy,Suzy,Alex,Laurie,travel agency,graphic design studio,tech startup,law firm,,,,,,,,TRUE,,,,TRUE,,,,,,,,TRUE,,,,,,,,,,,TRUE,,,,,,,,TRUE,,,TRUE,,,,,,,,,,,,,,TRUE,TRUE,,,,,,,,,,,,TRUE,,,,621021587,